{"Prop_ID": "X159", "Name": "174th Street Playground", "Location": "E 174 St. & Bronx River Ave.", "Num_of_Courts": null, "Accessible": "N", "lat": "40.8342", "lon": "-73.8775"}
{"Prop_ID": "X179", "Name": "52 Playground", "Location": "Kelly St. & Ave. St. John", "Num_of_Courts": null, "Accessible": "N", "lat": "40.8149", "lon": "-73.9021"}
{"Prop_ID": "X216", "Name": "Abigail Adams Playground", "Location": "Tinton Ave. & E 156 St.", "Num_of_Courts": null, "Accessible": "N", "lat": "40.8172", "lon": "-73.9044"}
{"Prop_ID": "X169", "Name": "Agnes Haywood Playground", "Location": "Barnes Ave. & E 215 St.", "Num_of_Courts": null, "Accessible": "N", "lat": "40.8804", "lon": "-73.8619"}
{"Prop_ID": "X172", "Name": "Allerton Playground", "Location": "Bouck & Throop Aves.", "Num_of_Courts": null, "Accessible": "N", "lat": "40.8659", "lon": "-73.8503"}
{"Prop_ID": "X187", "Name": "Angelo Campanero Playground", "Location": "Gun Hill Rd., Eastchester Rd. and O'Neill Pl.", "Num_of_Courts": null, "Accessible": "N", "lat": "40.8679", "lon": "-73.843"}
{"Prop_ID": "X001", "Name": "Aqueduct Lands Playground", "Location": "W 183 St., Aqueduct Ave., W Tremont Ave. and University Ave.", "Num_of_Courts": null, "Accessible": "N", "lat": "40.8634", "lon": "-73.9035"}
{"Prop_ID": "X219", "Name": "Arcilla Playground", "Location": "E 164 St. & Teller Ave.", "Num_of_Courts": null, "Accessible": "N", "lat": "40.8271", "lon": "-73.9145"}
{"Prop_ID": "X150J", "Name": "Bailey Playground", "Location": "Bailey Ave. & W 234-W 238 Sts.", "Num_of_Courts": null, "Accessible": "N", "lat": "40.8811", "lon": "-73.9008"}
{"Prop_ID": "X166", "Name": "Behagen Playground", "Location": "E 166 St., Union Ave. and Tinton Ave.", "Num_of_Courts": null, "Accessible": "N", "lat": "40.8254", "lon": "-73.9015"}
{"Prop_ID": "X108", "Name": "Belmont Playground", "Location": "Crotona Ave. & E 181 St.", "Num_of_Courts": null, "Accessible": "N", "lat": "40.8497", "lon": "-73.8875"}
{"Prop_ID": "X002", "Name": "Brady Playground", "Location": "Bronxdale Ave. & Bronx Pk E", "Num_of_Courts": null, "Accessible": "N", "lat": "40.8512", "lon": "-73.8705"}
{"Prop_ID": "X148A3", "Name": "Bridge Playground", "Location": "Boscobel Pl., University Ave. and W 171 St.", "Num_of_Courts": null, "Accessible": "N", "lat": "40.8443", "lon": "-73.924"}
{"Prop_ID": "X183", "Name": "Bruckner Playground", "Location": "Phillips Ave. & E 177 St.", "Num_of_Courts": null, "Accessible": "N", "lat": "40.8268", "lon": "-73.8289"}
{"Prop_ID": "X121", "Name": "Bufano Playground", "Location": "Bradford, Edison, La Salle and Waterbury Aves.", "Num_of_Courts": null, "Accessible": "N", "lat": "40.838", "lon": "-73.8312"}
{"Prop_ID": "X194", "Name": "Capt. Rivera Playground", "Location": "Forest Ave. & E 156 St.", "Num_of_Courts": null, "Accessible": "N", "lat": "40.8179", "lon": "-73.907"}
{"Prop_ID": "X160", "Name": "Caserta Playground", "Location": "St. Raymond Ave. & Odell St.", "Num_of_Courts": null, "Accessible": "N", "lat": "40.8372", "lon": "-73.854"}
{"Prop_ID": "X111", "Name": "Cedar Playground", "Location": "W 179 St. & Sedgwick Ave.", "Num_of_Courts": null, "Accessible": "N", "lat": "40.8548", "lon": "-73.9177"}
{"Prop_ID": "X008", "Name": "Claremont Park", "Location": "E 170 St. & Teller Ave.", "Num_of_Courts": null, "Accessible": "N", "lat": "40.8378", "lon": "-73.9082"}
{"Prop_ID": "X200", "Name": "Clark Playground", "Location": "E 144 St. & 3 Ave.", "Num_of_Courts": null, "Accessible": "N", "lat": "40.8136", "lon": "-73.9211"}
{"Prop_ID": "X010", "Name": "Crotona Playground #11", "Location": "Fulton Ave. between E 172 St. and Claremont", "Num_of_Courts": null, "Accessible": "N", "lat": "40.8384", "lon": "-73.8993"}
{"Prop_ID": "X010", "Name": "Crotona Playground #2", "Location": "Crotona N between Marmion and Prospect", "Num_of_Courts": null, "Accessible": "N", "lat": "40.8402", "lon": "-73.8913"}
{"Prop_ID": "X010", "Name": "Crotona Playground #5", "Location": "Crotona Pk E at E 173 St.", "Num_of_Courts": null, "Accessible": "N", "lat": "40.8377", "lon": "-73.8908"}
{"Prop_ID": "X010", "Name": "Crotona Playground #6", "Location": "Crotona E between Suburban and Charlotte", "Num_of_Courts": null, "Accessible": "N", "lat": "40.8371", "lon": "-73.8926"}
{"Prop_ID": "X010", "Name": "Crotona Playground #7", "Location": "Crotona E between Claremont and Charlotte", "Num_of_Courts": null, "Accessible": "N", "lat": "40.8363", "lon": "-73.8949"}
{"Prop_ID": "X010", "Name": "Crotona Playground #9", "Location": "Crotona S between Clinton and Prospect", "Num_of_Courts": null, "Accessible": "N", "lat": "40.8391", "lon": "-73.8931"}
{"Prop_ID": "X164", "Name": "Dawson Playground", "Location": "Intervale Ave. & Dawson St.", "Num_of_Courts": null, "Accessible": "N", "lat": "40.8195", "lon": "-73.8982"}
{"Prop_ID": "X013", "Name": "Devoe Park", "Location": "Sedgwick Ave. & Fordham Ave.", "Num_of_Courts": null, "Accessible": "N", "lat": "40.8635", "lon": "-73.9058"}
{"Prop_ID": "X021", "Name": "Drew Playground", "Location": "Fulton Ave. & E 169 St.", "Num_of_Courts": null, "Accessible": "N", "lat": "40.8334", "lon": "-73.9036"}
{"Prop_ID": "X185", "Name": "Dunbar Playground", "Location": "E 161 St., Trinity Ave., E 163 St. and Cauldwell Ave.", "Num_of_Courts": null, "Accessible": "N", "lat": "40.8233", "lon": "-73.9064"}
{"Prop_ID": "X156", "Name": "Eastchester Playground", "Location": "Adee & Tenbroeck Aves.", "Num_of_Courts": null, "Accessible": "N", "lat": "40.8698", "lon": "-73.8531"}
{"Prop_ID": "X165", "Name": "Edenwald Playground", "Location": "Schieffelin Ave. & E 229 St.", "Num_of_Courts": null, "Accessible": "N", "lat": "40.8841", "lon": "-73.8457"}
{"Prop_ID": "X126", "Name": "Ferry Point Park", "Location": "Corner of Balcom Avenue and Dewey Avenue", "Num_of_Courts": null, "Accessible": "Y", "lat": "40.8157", "lon": "-73.8298"}
{"Prop_ID": "X122", "Name": "Florence Colucci Playground", "Location": "Wilkinson & Mayflower Aves.", "Num_of_Courts": null, "Accessible": "N", "lat": "40.852", "lon": "-73.8343"}
{"Prop_ID": "X146", "Name": "Flynn Playground", "Location": "Brook Ave. & E 157 St.", "Num_of_Courts": null, "Accessible": "N", "lat": "40.8212", "lon": "-73.9121"}
{"Prop_ID": "X150E", "Name": "Fordham Landing Playground", "Location": "Landing Rd., Just off Fordam Rd.", "Num_of_Courts": null, "Accessible": "N", "lat": "40.8637", "lon": "-73.9101"}
{"Prop_ID": "X038", "Name": "Fort #4 Playground", "Location": "Strong St. & Reservoir Ave.", "Num_of_Courts": null, "Accessible": "N", "lat": "40.8745", "lon": "-73.9007"}
{"Prop_ID": "X020", "Name": "Fort Independence Playground", "Location": "Sedgwick Ave. & Stevenson Pl.", "Num_of_Courts": null, "Accessible": "N", "lat": "40.8819", "lon": "-73.895"}
{"Prop_ID": "X247", "Name": "Fox Playground", "Location": "S/E Corner Fox St. & E 156 St.", "Num_of_Courts": null, "Accessible": "N", "lat": "40.8147", "lon": "-73.8987"}
{"Prop_ID": "X047", "Name": "Franz Sigel Park", "Location": "E 153 St. & Grand Concourse", "Num_of_Courts": null, "Accessible": "Y", "lat": "40.821", "lon": "-73.9264"}
{"Prop_ID": "X114", "Name": "Goble Playground", "Location": "Macombs Pl. & Globel Rd", "Num_of_Courts": null, "Accessible": "N", "lat": "40.8437", "lon": "-73.9171"}
{"Prop_ID": "X222", "Name": "Gouverneur Morris Playground", "Location": "3 Ave., Saint Paul's Pl. and Washington Ave.", "Num_of_Courts": null, "Accessible": "N", "lat": "40.8355", "lon": "-73.9035"}
{"Prop_ID": "X235", "Name": "Grove Hill Playground", "Location": "Eagle Ave. & E 158 St.", "Num_of_Courts": null, "Accessible": "N", "lat": "40.8197", "lon": "-73.9091"}
{"Prop_ID": "X161", "Name": "Gun Hill Playground", "Location": "Holland Ave. & Magenta St.", "Num_of_Courts": null, "Accessible": "Y", "lat": "40.8747", "lon": "-73.8656"}
{"Prop_ID": "X196", "Name": "Haffen Park", "Location": "Ely & Burke Ave.", "Num_of_Courts": null, "Accessible": "N", "lat": "40.8735", "lon": "-73.8398"}
{"Prop_ID": "X262", "Name": "Harding Park", "Location": "Bolton Ave. between O'Brien and Cornell Aves.", "Num_of_Courts": null, "Accessible": "N", "lat": "40.8102", "lon": "-73.8567"}
{"Prop_ID": "X148M1", "Name": "Havemeyer", "Location": "N/S Cross Bronx Expwy., Havemeyer Ave. and Watson Ave.", "Num_of_Courts": null, "Accessible": "N", "lat": "40.83", "lon": "-73.8476"}
{"Prop_ID": "X208", "Name": "Haviland Playground", "Location": "Pugsley, Haviland, and Watson Aves.", "Num_of_Courts": null, "Accessible": "N", "lat": "40.8289", "lon": "-73.8589"}
{"Prop_ID": "X080", "Name": "Henry Hudson Park", "Location": "Independence & W 227 St.", "Num_of_Courts": null, "Accessible": "N", "lat": "40.8813", "lon": "-73.9202"}
{"Prop_ID": "X228", "Name": "I Am Park", "Location": "147 St. & Jackson Ave.", "Num_of_Courts": null, "Accessible": "N", "lat": "40.811", "lon": "-73.9101"}
{"Prop_ID": "X029", "Name": "James Lyons Square Playground", "Location": "Aldus St. & Bryant Ave.", "Num_of_Courts": null, "Accessible": "N", "lat": "40.8229", "lon": "-73.8882"}
{"Prop_ID": "X107", "Name": "Julius Richman Park", "Location": "E 178 St. & Upper Level", "Num_of_Courts": null, "Accessible": "N", "lat": "40.8466", "lon": "-73.7865"}
{"Prop_ID": "X033", "Name": "Kossuth Playground", "Location": "Moshulu Pkwy N & Kossuth Ave.", "Num_of_Courts": null, "Accessible": "N", "lat": "40.8776", "lon": "-73.8827"}
{"Prop_ID": "X163", "Name": "Loreto Playground", "Location": "Morris Park, Tomlinson, Van Nest and Haight Aves.", "Num_of_Courts": null, "Accessible": "N", "lat": "40.849", "lon": "-73.8518"}
{"Prop_ID": "X131", "Name": "Lozada Playground", "Location": "Willis Ave. & E 135 St.", "Num_of_Courts": null, "Accessible": "N", "lat": "40.8078", "lon": "-73.9247"}
{"Prop_ID": "X030", "Name": "Macombs", "Location": "E 158th St. & Ruppert Plaza", "Num_of_Courts": null, "Accessible": "Y", "lat": "40.8279", "lon": "-73.9287"}
{"Prop_ID": "X214", "Name": "Magenta Playground", "Location": "Olinville Ave. & Rosewood St.", "Num_of_Courts": null, "Accessible": "N", "lat": "40.8738", "lon": "-73.8678"}
{"Prop_ID": "X202", "Name": "Marble Hill Playground", "Location": "Marble Hill Ave. between W 228 and W 230 Sts.", "Num_of_Courts": null, "Accessible": "N", "lat": "40.8775", "lon": "-73.9076"}
{"Prop_ID": "X178", "Name": "Matthews-Muliner Playground", "Location": "Matthews & Muliner Aves.", "Num_of_Courts": null, "Accessible": "N", "lat": "40.8467", "lon": "-73.8613"}
{"Prop_ID": "X157", "Name": "Mazzei Playground", "Location": "Mace Ave. & Williamsbridge Rd.", "Num_of_Courts": null, "Accessible": "N", "lat": "40.8625", "lon": "-73.8585"}
{"Prop_ID": "X153", "Name": "Merriam Playground (lower)", "Location": "W 168 St., Merriam Ave., Ogden Ave. and University Ave.", "Num_of_Courts": null, "Accessible": "N", "lat": "40.8388", "lon": "-73.9266"}
{"Prop_ID": "X153", "Name": "Merriam Playground (upper)", "Location": "W 168 St., Merriam Ave., Ogden Ave. and University Ave.", "Num_of_Courts": null, "Accessible": "N", "lat": "40.8408", "lon": "-73.9269"}
{"Prop_ID": "X182", "Name": "Millbrook Playground", "Location": "E 135 St. & Cypress Ave.", "Num_of_Courts": null, "Accessible": "N", "lat": "40.8042", "lon": "-73.9162"}
{"Prop_ID": "X206", "Name": "Morgan Playground", "Location": "E 168 St., Park Ave. and Washington Ave.", "Num_of_Courts": null, "Accessible": "N", "lat": "40.8325", "lon": "-73.9074"}
{"Prop_ID": "X001A", "Name": "Morton Playground", "Location": "Morton Pl. & University Ave.", "Num_of_Courts": null, "Accessible": "N", "lat": "40.8515", "lon": "-73.9141"}
{"Prop_ID": "X115", "Name": "Mott Playground", "Location": "E 166 St. & Morris Ave.", "Num_of_Courts": null, "Accessible": "N", "lat": "40.8314", "lon": "-73.9146"}
{"Prop_ID": "X257", "Name": "Mount Hope Playground", "Location": "E. 177 St. & Walton Ave.", "Num_of_Courts": null, "Accessible": "N", "lat": "40.8505", "lon": "-73.9094"}
{"Prop_ID": "X034", "Name": "Mullaly Park", "Location": "E 164 St. & River Ave.", "Num_of_Courts": null, "Accessible": "N", "lat": "40.8317", "lon": "-73.925"}
{"Prop_ID": "X168", "Name": "Nelson Playground", "Location": "W 166 St. & Nelson Ave.", "Num_of_Courts": null, "Accessible": "N", "lat": "40.8347", "lon": "-73.9269"}
{"Prop_ID": "X123", "Name": "Noble Playground", "Location": "Noble & Bronx River Aves.", "Num_of_Courts": null, "Accessible": "N", "lat": "40.8369", "lon": "-73.8726"}
{"Prop_ID": "X039", "Name": "Orchard Beach", "Location": "Bruckner Blvd., Eastchester Bay, Hutchinson River and LI Sound", "Num_of_Courts": null, "Accessible": "N", "lat": "40.8688", "lon": "73.7922"}
{"Prop_ID": "X151", "Name": "P.O. Hillario Serrano Playground", "Location": "Olmstead & Castle Hill Aves.", "Num_of_Courts": null, "Accessible": "N", "lat": "40.8237", "lon": "-73.8505"}
{"Prop_ID": "X177", "Name": "Parker Playground", "Location": "Castle Hill Ave. & Parker St.", "Num_of_Courts": null, "Accessible": "N", "lat": "40.8392", "lon": "-73.853"}
{"Prop_ID": "X162", "Name": "Parkside Playground", "Location": "Arnow Ave. & Olinville Ave.", "Num_of_Courts": null, "Accessible": "N", "lat": "40.8682", "lon": "-73.868"}
{"Prop_ID": "X155", "Name": "Patterson Playground", "Location": "Morris & College Aves.", "Num_of_Courts": null, "Accessible": "N", "lat": "40.816", "lon": "-73.9216"}
{"Prop_ID": "X039", "Name": "Pelham Bay Playground", "Location": "Middletown Road, off Bruckner Blvd.", "Num_of_Courts": null, "Accessible": "N", "lat": "40.8483", "lon": "-73.8252"}
{"Prop_ID": "X148H1", "Name": "Prospect Playground", "Location": "Clinton Ave. & E 176 St.", "Num_of_Courts": null, "Accessible": "N", "lat": "40.8432", "lon": "-73.8906"}
{"Prop_ID": "X141", "Name": "PS 21 Playground/Rienzi Playground", "Location": "E 225 St. & White Plains Rd.", "Num_of_Courts": null, "Accessible": "N", "lat": "40.8879", "lon": "-73.8592"}
{"Prop_ID": "X133", "Name": "PS 48 Playground/Hunts Point Playground", "Location": "Faile St. & Hunts Point Ave.", "Num_of_Courts": null, "Accessible": "N", "lat": "40.8225", "lon": "-73.819"}
{"Prop_ID": "X203", "Name": "Randall Playground", "Location": "Randall & Castle Hill Aves.", "Num_of_Courts": null, "Accessible": "N", "lat": "40.8193", "lon": "-73.8494"}
{"Prop_ID": "X186", "Name": "Riverdale Playground", "Location": "W 237 St. & Independence Ave.", "Num_of_Courts": null, "Accessible": "N", "lat": "40.8883", "lon": "-73.9152"}
{"Prop_ID": "X238", "Name": "Saw Mill Playground", "Location": "Brook Ave. & E 140 St.", "Num_of_Courts": null, "Accessible": "N", "lat": "40.8088", "lon": "-73.9193"}
{"Prop_ID": "X158", "Name": "Sedgwick Playground", "Location": "Undercliff Ave. & Cross Bronx Expwy.", "Num_of_Courts": null, "Accessible": "N", "lat": "40.8455", "lon": "-73.923"}
{"Prop_ID": "X201", "Name": "Seton Park", "Location": "W 235 St. & Douglas Ave.", "Num_of_Courts": null, "Accessible": "N", "lat": "40.8864", "lon": "-73.9171"}
{"Prop_ID": "X085", "Name": "Slattery Playground", "Location": "Ryer & Valentine Aves.", "Num_of_Courts": null, "Accessible": "N", "lat": "40.8574", "lon": "-73.8988"}
{"Prop_ID": "X118", "Name": "Sound View Park", "Location": "Bronx River & Lafayette Aves.", "Num_of_Courts": null, "Accessible": "Y", "lat": "40.8143", "lon": "-73.8655"}
{"Prop_ID": "X221", "Name": "Space-Time Playground", "Location": "Lafayette & Bolton Aves.", "Num_of_Courts": null, "Accessible": "N", "lat": "40.8225", "lon": "-73.8598"}
{"Prop_ID": "X171", "Name": "Spuyten Duyvil Playground", "Location": "W 236 St. & Douglas Ave.", "Num_of_Courts": null, "Accessible": "N", "lat": "40.8871", "lon": "-73.9156"}
{"Prop_ID": "X044", "Name": "St. James Park", "Location": "E 193 St. & Jerome Ave.", "Num_of_Courts": null, "Accessible": "Y", "lat": "40.8658", "lon": "-73.8972"}
{"Prop_ID": "X045", "Name": "St. Mary's Playground East", "Location": "Jackson Ave. & St. Mary's St.", "Num_of_Courts": null, "Accessible": "N", "lat": "40.8125", "lon": "-73.9138"}
{"Prop_ID": "X045", "Name": "St. Mary's Playground West", "Location": "Saint Ann's Ave. & E 147 St.", "Num_of_Courts": null, "Accessible": "N", "lat": "40.8102", "lon": "-73.9105"}
{"Prop_ID": "X193", "Name": "Stars & Stripes Playground", "Location": "Crawford & Baychester Aves.", "Num_of_Courts": null, "Accessible": "N", "lat": "40.8857", "lon": "-73.8396"}
{"Prop_ID": "X211", "Name": "Stebbins Playground", "Location": "E 165 St. & Stebbins Ave.", "Num_of_Courts": null, "Accessible": "N", "lat": "40.8226", "lon": "-73.8983"}
{"Prop_ID": "X204", "Name": "Story Playground", "Location": "Theriot & Story Aves.", "Num_of_Courts": null, "Accessible": "N", "lat": "40.8229", "lon": "-73.8631"}
{"Prop_ID": "X172", "Name": "The Pearly Gates Playground", "Location": "Tratman & Saint Peter's Aves.", "Num_of_Courts": null, "Accessible": "N", "lat": "40.8659", "lon": "-73.8503"}
{"Prop_ID": "X190", "Name": "Tiffany Playground", "Location": "Fox, Tiffany & E 167 Sts.", "Num_of_Courts": null, "Accessible": "N", "lat": "40.8249", "lon": "-73.8944"}
{"Prop_ID": "X092", "Name": "Van Cortlandt Stadium", "Location": "Van Cortlandt Park South & Gouverneur Ave.", "Num_of_Courts": null, "Accessible": "N", "lat": "40.8853", "lon": "-73.891"}
{"Prop_ID": "X188", "Name": "Wakefield Playground", "Location": "Carpenter Ave. & E 239 St.", "Num_of_Courts": null, "Accessible": "N", "lat": "40.9018", "lon": "-73.8543"}
{"Prop_ID": "X002", "Name": "Waring Playground", "Location": "Waring Ave. & Bronx Pk E.", "Num_of_Courts": null, "Accessible": "N", "lat": "40.8602", "lon": "-73.8715"}
{"Prop_ID": "X124", "Name": "Watson Gleason Playground", "Location": "Watson & Rosedale Aves.", "Num_of_Courts": null, "Accessible": "N", "lat": "40.8281", "lon": "-73.8689"}
{"Prop_ID": "X174", "Name": "Webster Playground", "Location": "E 188 St. & Webster Ave.", "Num_of_Courts": null, "Accessible": "N", "lat": "40.8594", "lon": "-73.8927"}
{"Prop_ID": "X104", "Name": "Williamsbridge Oval", "Location": "Van Cortlandt Ave. E, Bainbridge Ave. and Reservoir Oval", "Num_of_Courts": null, "Accessible": "N", "lat": "40.8768", "lon": "-73.8776"}
{"Prop_ID": "X217", "Name": "Willis Playground", "Location": "Willis Ave. & E 141 St.", "Num_of_Courts": null, "Accessible": "N", "lat": "40.8107", "lon": "-73.9236"}
{"Prop_ID": "B297", "Name": "Albemarle Playground", "Location": "Albermarle Rd., Dahill Rd. and McDonald Ave.", "Num_of_Courts": null, "Accessible": "N", "lat": "40.646", "lon": "-73.9808"}
{"Prop_ID": "B253", "Name": "Albert J. Parham Playground", "Location": "Franklin Ave. between Willoughby and DeKalb Aves.", "Num_of_Courts": null, "Accessible": "N", "lat": "40.6905", "lon": "-73.9709"}
{"Prop_ID": "B253", "Name": "Albert Lysander Parham Playground", "Location": "Adelphi St., Clermont, DeKalb and Willoughby Aves.", "Num_of_Courts": null, "Accessible": "N", "lat": "40.6905", "lon": "-73.9709"}
{"Prop_ID": "B193", "Name": "Alex Hamilton-Metz Memorial Field", "Location": "Albany, East New York and Lefferts Aves.", "Num_of_Courts": null, "Accessible": "N", "lat": "40.6626", "lon": "-73.9405"}
{"Prop_ID": "B329", "Name": "Alex Lindower Park", "Location": "Mill & Strickland Aves.", "Num_of_Courts": null, "Accessible": "Y", "lat": "40.6131", "lon": "-73.912"}
{"Prop_ID": "B001", "Name": "American Playground", "Location": "Noble, Franklin & Milton Sts.", "Num_of_Courts": null, "Accessible": "N", "lat": "40.729", "lon": "-73.9578"}
{"Prop_ID": "B287", "Name": "Andries Playground", "Location": "Ave. K & Nostrand Ave.", "Num_of_Courts": null, "Accessible": "N", "lat": "40.623", "lon": "-73.9464"}
{"Prop_ID": "B140", "Name": "Banneker Playground", "Location": "Marcy Ave., Kosciusko St. and Lafayette Ave.", "Num_of_Courts": null, "Accessible": "N", "lat": "40.6903", "lon": "-73.9494"}
{"Prop_ID": "B286", "Name": "Bartlett Playground", "Location": "Bartlett St. & Throop Ave.", "Num_of_Courts": null, "Accessible": "N", "lat": "40.7012", "lon": "-73.946"}
{"Prop_ID": "B164", "Name": "Bath Beach Playground", "Location": "Shore Pkwy. & 17 Ave.", "Num_of_Courts": null, "Accessible": "N", "lat": "40.6024", "lon": "-74.0107"}
{"Prop_ID": "B349", "Name": "Bath Playground", "Location": "Bath Ave. between 24 Ave. and Bay 37 St.", "Num_of_Courts": null, "Accessible": "N", "lat": "40.5946", "lon": "-73.9936"}
{"Prop_ID": "B274", "Name": "Bay View Houses & PS 272", "Location": "S/JS Seaview Ave. Opposite E 99 St.", "Num_of_Courts": null, "Accessible": "N", "lat": "40.6348", "lon": "-73.8871"}
{"Prop_ID": "B100", "Name": "Bealin Square & Seth Low Playground", "Location": "Ave. P., Bay Pkwy. and W 12 St.", "Num_of_Courts": null, "Accessible": "N", "lat": "40.6079", "lon": "-73.9859"}
{"Prop_ID": "B142", "Name": "Bedford Playground", "Location": "Bedford Ave., S 9 St. and Division Ave.", "Num_of_Courts": null, "Accessible": "N", "lat": "40.7084", "lon": "-73.9637"}
{"Prop_ID": "B283", "Name": "Belmont Playground", "Location": "Pitkin Ave., Drew St., Belmont Ave., and N Conduit Ave.", "Num_of_Courts": null, "Accessible": "N", "lat": "40.6757", "lon": "-73.8629"}
{"Prop_ID": "B277", "Name": "Benson Playground", "Location": "Bath Ave. between Bay 22 and Bay 23 Sts.", "Num_of_Courts": null, "Accessible": "N", "lat": "40.6027", "lon": "-74.0025"}
{"Prop_ID": "B007", "Name": "Bensonhurst Park", "Location": "Gravesend Bay, 21 Ave., Cropsey Ave. and Bay Pkwy.", "Num_of_Courts": null, "Accessible": "Y", "lat": "40.5977", "lon": "-74.0011"}
{"Prop_ID": "B353", "Name": "Bergen Beach Park", "Location": "Ave. T, Ave. N, E 71 St. and E 72 St.", "Num_of_Courts": null, "Accessible": "N", "lat": "40.6226", "lon": "-73.9095"}
{"Prop_ID": "B154", "Name": "Berry Playground", "Location": "S 3 St., Berry St. and Bedford Ave.", "Num_of_Courts": null, "Accessible": "N", "lat": "40.7126", "lon": "-73.9637"}
{"Prop_ID": "B008", "Name": "Betsy Head Memorial Playground", "Location": "Livonia Ave., Dumont Ave., Hopkinson Ave., Blake Ave. and Strauss St.", "Num_of_Courts": null, "Accessible": "N", "lat": "40.6643", "lon": "-73.9119"}
{"Prop_ID": "B335", "Name": "Bildersee Playground", "Location": "Flatlands Ave. between E 81 and E 82 St.", "Num_of_Courts": null, "Accessible": "N", "lat": "40.6354", "lon": "-73.9117"}
{"Prop_ID": "B223J03", "Name": "Bridge Park", "Location": "E/S Jay St., Prospect St., Sands St. and Charles St.", "Num_of_Courts": null, "Accessible": "N", "lat": null, "lon": null}
{"Prop_ID": "B169A", "Name": "Brighton Playground", "Location": "W/S Brighton 2 Sts. At Boardwalk", "Num_of_Courts": null, "Accessible": "N", "lat": "40.5751", "lon": "-73.9657"}
{"Prop_ID": "B162", "Name": "Brizzi Playground", "Location": "42 St. & 10 to New Utrecht Aves.", "Num_of_Courts": null, "Accessible": "N", "lat": "40.6424", "lon": "-73.9947"}
{"Prop_ID": "B012", "Name": "Brower Park & PS 189", "Location": "Brooklyn Ave., St. Mark's Ave., Kingston Ave. and Strauss St.", "Num_of_Courts": null, "Accessible": "N", "lat": "40.6735", "lon": "-73.9442"}
{"Prop_ID": "B270", "Name": "Brownsville Rec. Center & Playground", "Location": "Linden Blvd. and Christopher Ave.", "Num_of_Courts": null, "Accessible": "N", "lat": "40.6568", "lon": "-73.9014"}
{"Prop_ID": "B310", "Name": "Bushwick Playground", "Location": "Knickerbocker Ave., Putnam Ave. and Woodbine St.", "Num_of_Courts": null, "Accessible": "N", "lat": "40.7018", "lon": "-73.9394"}
{"Prop_ID": "B018", "Name": "Canarsie Park", "Location": "Paedergat Basin and Seaview Ave.", "Num_of_Courts": null, "Accessible": "N", "lat": "40.6308", "lon": "-73.8933"}
{"Prop_ID": "B330", "Name": "Capt. V. Hickman Park/IS 78", "Location": "Veterans Ave. between E 66 and E 68 Sts.", "Num_of_Courts": null, "Accessible": "N", "lat": "40.6204", "lon": "-73.9135"}
{"Prop_ID": "B347", "Name": "Carver Playground", "Location": "Ralph Ave., Sumpter St., Howard Ave. and Marion St.", "Num_of_Courts": null, "Accessible": "N", "lat": "40.6805", "lon": "-73.9207"}
{"Prop_ID": "B337", "Name": "Century Playground", "Location": "W Brighton Ave. between W 2 and W 3 Sts.", "Num_of_Courts": null, "Accessible": "N", "lat": "40.577", "lon": "-73.97"}
{"Prop_ID": "B362", "Name": "Chester Playground", "Location": "Chester St., Sutter Ave., Bristol St. and Pitkin Ave.", "Num_of_Courts": null, "Accessible": "N", "lat": "40.6688", "lon": "-73.9119"}
{"Prop_ID": "B141", "Name": "City Line Park", "Location": "Atlantic & Fountain Aves.", "Num_of_Courts": null, "Accessible": "N", "lat": "40.6789", "lon": "-73.8746"}
{"Prop_ID": "B128", "Name": "Col. David Marcus Memorial Playground", "Location": "Ave. P & E 5 Sts.", "Num_of_Courts": null, "Accessible": "N", "lat": "40.6097", "lon": "-73.9696"}
{"Prop_ID": "B021", "Name": "Commodore Barry Park & Playground", "Location": "Park Ave., Navy St., Flushing Ave. and N. Eliot Pl.", "Num_of_Courts": null, "Accessible": "N", "lat": "40.6978", "lon": "-73.9791"}
{"Prop_ID": "B025", "Name": "Cooper Park", "Location": "Sharon St, Olive St., Maspeth Ave. and Morgan Ave.", "Num_of_Courts": null, "Accessible": "N", "lat": "40.7156", "lon": "-73.9362"}
{"Prop_ID": "B103", "Name": "Cypress Hills Houses Playground", "Location": "Blake & Euclid Aves.", "Num_of_Courts": null, "Accessible": "N", "lat": "40.6702", "lon": "-73.8711"}
{"Prop_ID": "B232", "Name": "Dean Playground", "Location": "Dean to Bergen Sts., between 6 and Carlton Aves.", "Num_of_Courts": null, "Accessible": "N", "lat": "40.681", "lon": "-73.9734"}
{"Prop_ID": "B215", "Name": "Decatur Playground", "Location": "Decatur and MacDonough Sts., between Sumner and Lewis Aves.", "Num_of_Courts": null, "Accessible": "N", "lat": "40.6815", "lon": "-73.9369"}
{"Prop_ID": "B293", "Name": "DeKalb Playground/PS 270 Playground", "Location": "Lafayette & Classon Aves.", "Num_of_Courts": null, "Accessible": "N", "lat": "40.6892", "lon": "-73.9609"}
{"Prop_ID": "B271", "Name": "Ditmas Playground/Railroad Playground", "Location": "Ditmas Ave. between E 91 & E 92 Sts.", "Num_of_Courts": null, "Accessible": "N", "lat": "40.6495", "lon": "-73.9143"}
{"Prop_ID": "B056", "Name": "Dr. Martin Luther King, Jr. Park", "Location": "Dumont Ave., Blake Ave., Miller Ave. and Bradford St.", "Num_of_Courts": null, "Accessible": "N", "lat": "40.6681", "lon": "-73.8905"}
{"Prop_ID": "B228", "Name": "Dr. Richard Greene Playground", "Location": "Stone & Sutter Aves.", "Num_of_Courts": null, "Accessible": "N", "lat": "40.6674", "lon": "-73.9066"}
{"Prop_ID": "B125", "Name": "Dreier-Offerman Park", "Location": "Gravesend Bay, Bay 44-Bay 49 Sts. and Shore Pkwy.", "Num_of_Courts": null, "Accessible": "N", "lat": "40.5876", "lon": "-73.9905"}
{"Prop_ID": "B028", "Name": "Dyker Beach Park", "Location": "Shore Pkwy., 86 St. and 7 to 14 Aves.", "Num_of_Courts": null, "Accessible": "Y", "lat": "40.6126", "lon": "-74.0126"}
{"Prop_ID": "B282", "Name": "Patrick O&rsquo;Rourke Park", "Location": "80 to 81 Sts. and 11 to 12 Aves.", "Num_of_Courts": null, "Accessible": "N", "lat": "40.6191", "lon": "-74.0135"}
{"Prop_ID": "B321", "Name": "Edmonds Playground", "Location": "DeKalb Ave., Adelphi St., and Carlton Ave.", "Num_of_Courts": null, "Accessible": "N", "lat": "40.6892", "lon": "-73.9712"}
{"Prop_ID": "B300", "Name": "Edward C. Blum Playground/PS 46", "Location": "Adelphi & Myrtle Aves.", "Num_of_Courts": null, "Accessible": "N", "lat": "40.6938", "lon": "-73.9712"}
{"Prop_ID": "B359", "Name": "Eleanor Roosevelt Playground", "Location": "Lewis Ave., DeKalb Ave., Stuyvesant Ave. and Kosciusko St.", "Num_of_Courts": null, "Accessible": "N", "lat": "40.6927", "lon": "-73.9357"}
{"Prop_ID": "B313", "Name": "El-Shabazz Playground", "Location": "Reid Ave., Malcolm X Blvd. and MacDonough St.", "Num_of_Courts": null, "Accessible": "N", "lat": "40.6828", "lon": "-73.9304"}
{"Prop_ID": "B345", "Name": "Ethan Allen Park", "Location": "Cozine Ave. Vermont St. and New Jersey Ave.", "Num_of_Courts": null, "Accessible": "N", "lat": "40.6555", "lon": "-73.8871"}
{"Prop_ID": "B358", "Name": "Eugenio Maria De Hostos Playground", "Location": "Harrison Ave., Walton to Lorimer Sts. and Throop Ave.", "Num_of_Courts": null, "Accessible": "N", "lat": "40.7028", "lon": "-73.9497"}
{"Prop_ID": "B332", "Name": "Evergreen Playground", "Location": "Evergreen Ave., Decatur St. and Schaefer St.", "Num_of_Courts": null, "Accessible": "N", "lat": "40.6863", "lon": "-73.9107"}
{"Prop_ID": "B334", "Name": "Fermi Playground", "Location": "Troutman St., Central Ave., Starr St. and Wilson Ave.", "Num_of_Courts": null, "Accessible": "N", "lat": "40.7007", "lon": "-73.9284"}
{"Prop_ID": "B325", "Name": "Fish Playground", "Location": "Saratoga Ave. between Herkimer and Fulton Sts.", "Num_of_Courts": null, "Accessible": "N", "lat": "40.6781", "lon": "-73.9147"}
{"Prop_ID": "B032", "Name": "Fort Greene Park", "Location": "Myrtle Ave., Cumberland St. and DeKalb Ave.", "Num_of_Courts": null, "Accessible": "N", "lat": "40.6927", "lon": "-73.9773"}
{"Prop_ID": "B248", "Name": "Fox Memorial Park/PS 251 Playground", "Location": "Ave. H, Ave. I and E 54 to E 55 Sts.", "Num_of_Courts": null, "Accessible": "N", "lat": "40.6324", "lon": "-73.9236"}
{"Prop_ID": "B055", "Name": "Frances Hamburger Sternberg Park", "Location": "Montrose Ave., Boerum St., Lorimer St. and Leonard St.", "Num_of_Courts": null, "Accessible": "N", "lat": "40.7057", "lon": "-73.9475"}
{"Prop_ID": "B340", "Name": "Garden Playground", "Location": "Flushing Ave., Beaver St. and Garden St.", "Num_of_Courts": null, "Accessible": "N", "lat": "40.7012", "lon": "-73.9381"}
{"Prop_ID": "B254", "Name": "George Wingate HS Playground", "Location": "SE Corner Brooklyn Ave. & Rutland Rd.", "Num_of_Courts": null, "Accessible": "N", "lat": "40.6591", "lon": "-73.9442"}
{"Prop_ID": "B236", "Name": "Glenwood Houses Playground", "Location": "Ralph Ave. & Farragut Rd.", "Num_of_Courts": null, "Accessible": "N", "lat": "40.6365", "lon": "-73.9199"}
{"Prop_ID": "B243", "Name": "Golconda Playground", "Location": "E/S Gold St. and Nassau to Concord Sts.", "Num_of_Courts": null, "Accessible": "N", "lat": "40.6977", "lon": "-73.9828"}
{"Prop_ID": "B230", "Name": "Gowanus Houses Playground", "Location": "Hoyt, Wyckoff and Bond Sts.", "Num_of_Courts": null, "Accessible": "N", "lat": "40.6844", "lon": "-73.9876"}
{"Prop_ID": "B078", "Name": "Grace Playground", "Location": "Belmont Ave., Pitkin Ave., Vermont St. and New Jersey St.", "Num_of_Courts": null, "Accessible": "N", "lat": "40.671", "lon": "-73.8951"}
{"Prop_ID": "B042", "Name": "Gravesend Park", "Location": "18 Ave. Near 57 St.", "Num_of_Courts": null, "Accessible": "N", "lat": "40.6235", "lon": "-73.9848"}
{"Prop_ID": "B301", "Name": "Greene Playground/PS 11 Playground", "Location": "Greene Ave. between Waverly and Washington Aves.", "Num_of_Courts": null, "Accessible": "N", "lat": "40.6865", "lon": "-73.9661"}
{"Prop_ID": "B285", "Name": "Harry Maze Memorial Park", "Location": "Ave. D bet. E 56 & E 57 Sts.", "Num_of_Courts": null, "Accessible": "N", "lat": "40.6433", "lon": "-73.9231"}
{"Prop_ID": "B323", "Name": "Hattie Carthan Playground", "Location": "Monroe St., Tompkins Ave., Madison St. and Marcy Ave.", "Num_of_Courts": null, "Accessible": "N", "lat": "40.6858", "lon": "-73.9461"}
{"Prop_ID": "B235", "Name": "Herman Dolgon Playground", "Location": "Ave. V, Nostrand St. and Batchelder St.", "Num_of_Courts": null, "Accessible": "N", "lat": "40.5982", "lon": "-73.9406"}
{"Prop_ID": "B166B", "Name": "Homecrest Playground", "Location": "Shore Pkwy. To Williams Ct. and E 12 St.", "Num_of_Courts": null, "Accessible": "N", "lat": "40.586", "lon": "-73.957"}
{"Prop_ID": "B363", "Name": "Houston Playground", "Location": "Powell St., Liberty Ave., Sackman St. and Glenmore Ave.", "Num_of_Courts": null, "Accessible": "N", "lat": "40.6721", "lon": "-73.9053"}
{"Prop_ID": "B260", "Name": "Howard Houses Playground & Pool", "Location": "Glenmore & Mother Gaston Blvd.", "Num_of_Courts": null, "Accessible": "N", "lat": "40.6718", "lon": "-73.9084"}
{"Prop_ID": "B163", "Name": "IS 302 (Sperandeo Brothers)", "Location": "Atlantic Ave. between Elton and Linwood Sts.", "Num_of_Courts": null, "Accessible": "N", "lat": "40.6763", "lon": "-73.8844"}
{"Prop_ID": "B216", "Name": "Israel Putnam Playground", "Location": "Sumner Ave. and Madison to Monroe Sts.", "Num_of_Courts": null, "Accessible": "N", "lat": "40.6865", "lon": "-73.9399"}
{"Prop_ID": "B305", "Name": "J Playground", "Location": "Ave. J, Ave. K, 103 St. and 104 Sts.", "Num_of_Courts": null, "Accessible": "N", "lat": "40.6442", "lon": "-73.893"}
{"Prop_ID": "B111", "Name": "J.J. Byrne Memorial Park/JHS 51", "Location": "3 to 4 Sts. and 4 to 5 Aves.", "Num_of_Courts": null, "Accessible": "N", "lat": "40.6728", "lon": "-73.9842"}
{"Prop_ID": "B294", "Name": "Jackie Robinson Park", "Location": "Chauncey St. E/O Reid Ave.", "Num_of_Courts": null, "Accessible": "N", "lat": "40.68", "lon": "-73.9277"}
{"Prop_ID": "B357", "Name": "Jackie Robinson Playground", "Location": "Sullivan Pl., Franklin Ave. and Montgomery St.", "Num_of_Courts": null, "Accessible": "N", "lat": "40.6657", "lon": "-73.9592"}
{"Prop_ID": "B324", "Name": "Jacob Joffe Park", "Location": "Ave. K between E 58 and E 59 Sts.", "Num_of_Courts": null, "Accessible": "N", "lat": "40.625", "lon": "-73.9194"}
{"Prop_ID": "B291", "Name": "James Marshall Power Playground", "Location": "Ave. N & Utica Ave.", "Num_of_Courts": null, "Accessible": "N", "lat": "40.6183", "lon": "-73.9276"}
{"Prop_ID": "B246", "Name": "Jerome Playground", "Location": "Wortman Ave. & Warwick St.", "Num_of_Courts": null, "Accessible": "N", "lat": "40.6591", "lon": "-73.8796"}
{"Prop_ID": "B269", "Name": "Jesse Owens Playground", "Location": "Stuyvesant & Lafayette Aves.", "Num_of_Courts": null, "Accessible": "N", "lat": "40.6912", "lon": "-73.9326"}
{"Prop_ID": "B151", "Name": "Jessie & Charles Dome Playground", "Location": "NE Corner 38 St. & Dahill Rd.", "Num_of_Courts": null, "Accessible": "N", "lat": "40.638", "lon": "-73.98"}
{"Prop_ID": "B346", "Name": "JHS 126 Playground", "Location": "Manhattan Ave. & Leonard St. (Ericsson Playground)", "Num_of_Courts": null, "Accessible": "N", "lat": "40.7205", "lon": "-73.9484"}
{"Prop_ID": "B210I", "Name": "JHS 136 Playground (Playground Three-Forty)", "Location": "40 St., 41 St. and 3 Ave.", "Num_of_Courts": null, "Accessible": "N", "lat": "40.6523", "lon": "-74.0084"}
{"Prop_ID": "B210A", "Name": "John Allen Payne Park", "Location": "64 to 65 Sts. and 3 Ave.", "Num_of_Courts": null, "Accessible": "N", "lat": "40.6399", "lon": "-74.0242"}
{"Prop_ID": "B237", "Name": "John Hancock Playground", "Location": "Bedford Ave., Hancock St. and Jefferson Ave.", "Num_of_Courts": null, "Accessible": "N", "lat": "40.6822", "lon": "-73.9543"}
{"Prop_ID": "B210W", "Name": "John J. Carty Park", "Location": "Ft. Hamilton, Gowanus Pkwy., and 94 to 101 Sts.", "Num_of_Courts": null, "Accessible": "N", "lat": "40.6133", "lon": "-74.0302"}
{"Prop_ID": "B157", "Name": "Kelly Playground", "Location": "N/S Ave. S between BMT and PS 255", "Num_of_Courts": null, "Accessible": "N", "lat": "40.6042", "lon": "-73.9564"}
{"Prop_ID": "B304", "Name": "Kennedy King Playground", "Location": "Lenox Rd., Clarkson Ave., E 93 St. and E 94 St.", "Num_of_Courts": null, "Accessible": "N", "lat": "40.6586", "lon": "-73.9221"}
{"Prop_ID": "B317", "Name": "Lafayette Gardens Playground", "Location": "Lafayette & Franklin Aves.", "Num_of_Courts": null, "Accessible": "N", "lat": "40.6896", "lon": "-73.9574"}
{"Prop_ID": "B106B", "Name": "Lafayette Playground", "Location": "Lafayette & E/O Reid Aves.", "Num_of_Courts": null, "Accessible": "N", "lat": "40.5946", "lon": "-73.9854"}
{"Prop_ID": "B167A", "Name": "LaGuardia Playground", "Location": "Havemeyer to Roebling Sts. and S 4 to S 5 Sts.", "Num_of_Courts": null, "Accessible": "N", "lat": "40.71", "lon": "-73.9593"}
{"Prop_ID": "B052", "Name": "Leif Ericson Park & Square", "Location": "66-67 Sts. and 8 to 9 Aves.", "Num_of_Courts": null, "Accessible": "N", "lat": "40.636", "lon": "-74.0205"}
{"Prop_ID": "B129", "Name": "Leon S. Kaiser Playground", "Location": "Coney Island Creek and W 24 St.", "Num_of_Courts": null, "Accessible": "Y", "lat": "40.5784", "lon": "-73.9962"}
{"Prop_ID": "B054", "Name": "Lincoln Terrace", "Location": "Rochester Ave. and President St.", "Num_of_Courts": null, "Accessible": "N", "lat": "40.6657", "lon": "-73.9268"}
{"Prop_ID": "B214", "Name": "Linden Playground/JHS 166", "Location": "Linden Blvd., Stanley Ave. and Vermont to Wyona Sts.", "Num_of_Courts": null, "Accessible": "N", "lat": "40.659", "lon": "-73.8869"}
{"Prop_ID": "B149B", "Name": "Linwood Playground", "Location": "Linwood St., New Lots Ave. and Hegeman Aves.", "Num_of_Courts": null, "Accessible": "N", "lat": "40.6659", "lon": "-73.8802"}
{"Prop_ID": "B107", "Name": "Lion's Pride Playground", "Location": "Riverdale, Van Sinderen, Livonia and Snediker Aves.", "Num_of_Courts": null, "Accessible": "N", "lat": "40.6626", "lon": "-73.8997"}
{"Prop_ID": "B309", "Name": "Louis H. Pink Houses Playground", "Location": "Stanley Ave. & Eldert Lane", "Num_of_Courts": null, "Accessible": "N", "lat": "40.6663", "lon": "-73.863"}
{"Prop_ID": "B099", "Name": "Lt. Petrosino Playground", "Location": "New Utrecht to 16 Aves. and 70 to 71 Sts.", "Num_of_Courts": null, "Accessible": "N", "lat": "40.6189", "lon": "-73.9985"}
{"Prop_ID": "B296", "Name": "Luna Park Houses Playground", "Location": "Surf Ave. and W 8 St. to W 12 St.", "Num_of_Courts": null, "Accessible": "N", "lat": "40.5758", "lon": "-73.978"}
{"Prop_ID": "B251", "Name": "Manhattan Beach Park", "Location": "Oriental Blvd. & Ocean Ave.", "Num_of_Courts": null, "Accessible": "N", "lat": "40.5767", "lon": "-73.9461"}
{"Prop_ID": "B284", "Name": "Marc's & Jason's Playground", "Location": "Sterling St., Empire Blvd. and New York Ave.", "Num_of_Courts": null, "Accessible": "N", "lat": "40.6634", "lon": "-73.9492"}
{"Prop_ID": "B016", "Name": "Maria Hernandez Park", "Location": "Knickerbocker to Irving Aves. and Starr to Suydam Sts.", "Num_of_Courts": null, "Accessible": "N", "lat": "40.7035", "lon": "-73.924"}
{"Prop_ID": "B057", "Name": "Marine Park/Jerry Debonis", "Location": "Gerritsen Ave. & Ave. X", "Num_of_Courts": null, "Accessible": "N", "lat": "40.5969", "lon": "-73.9279"}
{"Prop_ID": "B057", "Name": "Marine Park/PS 278", "Location": "Fillmore Ave. & Madison Pl.", "Num_of_Courts": null, "Accessible": "Y", "lat": "40.608", "lon": "-73.9378"}
{"Prop_ID": "B110", "Name": "Marion-Hopkinson Playground", "Location": "Hopkinson Ave. & Marion St.", "Num_of_Courts": null, "Accessible": "N", "lat": "40.6817", "lon": "-73.9136"}
{"Prop_ID": "B272", "Name": "Marlboro Houses Playground", "Location": "W 11 St. & Ave. W", "Num_of_Courts": null, "Accessible": "N", "lat": "40.5911", "lon": "-73.9808"}
{"Prop_ID": "B098", "Name": "Martin Luther Playground", "Location": "55 to 56 Sts., 2 Ave.", "Num_of_Courts": null, "Accessible": "N", "lat": "40.6461", "lon": "-74.0197"}
{"Prop_ID": "B058", "Name": "McCarren Park", "Location": "Bedford Avenue and North 12th Street", "Num_of_Courts": null, "Accessible": "N", "lat": "40.7213", "lon": "-73.9495"}
{"Prop_ID": "B058", "Name": "McCarren Park", "Location": "Abate Playground", "Num_of_Courts": null, "Accessible": "N", "lat": "40.7212", "lon": "-73.9554"}
{"Prop_ID": "B061", "Name": "McLaughlin Park", "Location": "Tillary, Jay Sts., Cathedral Pl. and Bridge St.", "Num_of_Courts": null, "Accessible": "N", "lat": "40.6963", "lon": "-73.9866"}
{"Prop_ID": "B197", "Name": "Mellett Playground", "Location": "Ave. V, E 13 St. and E 14 St.", "Num_of_Courts": null, "Accessible": "N", "lat": "40.597", "lon": "-73.9571"}
{"Prop_ID": "B022", "Name": "Middleton", "Location": "Lynch St., Middleton St. and Lee Ave.", "Num_of_Courts": null, "Accessible": "N", "lat": "40.7008", "lon": "-73.9552"}
{"Prop_ID": "B268", "Name": "Nautilus Playground", "Location": "Public Beach, West 29 and West 32 street", "Num_of_Courts": null, "Accessible": "N", "lat": "40.5717", "lon": "-73.9968"}
{"Prop_ID": "B331", "Name": "Neptune Playground", "Location": "Neptune Ave. & W 12 St.", "Num_of_Courts": null, "Accessible": "N", "lat": "40.5781", "lon": "-73.9808"}
{"Prop_ID": "B339", "Name": "Newport Playground", "Location": "Newport Ave., Thatford Ave. and Osborne St.", "Num_of_Courts": null, "Accessible": "N", "lat": "40.661", "lon": "-73.9072"}
{"Prop_ID": "B250", "Name": "Nostrand Playground", "Location": "Nostrand & Foster Aves.", "Num_of_Courts": null, "Accessible": "N", "lat": "40.6383", "lon": "-73.9469"}
{"Prop_ID": "B144", "Name": "Ocean Hill Playground", "Location": "Bergen St., Rockaway Ave. and Dean St.", "Num_of_Courts": null, "Accessible": "N", "lat": "40.6743", "lon": "-73.9119"}
{"Prop_ID": "B343", "Name": "Osborn Playground", "Location": "Linden Blvd., Osborne St. and Thatford Ave.", "Num_of_Courts": null, "Accessible": "N", "lat": "40.6559", "lon": "-73.9059"}
{"Prop_ID": "B295", "Name": "Oxport Playground", "Location": "Flushing Ave., N Portland Ave. and N Oxford St.", "Num_of_Courts": null, "Accessible": "N", "lat": "40.6977", "lon": "-73.9762"}
{"Prop_ID": "B153", "Name": "Pacific Playground", "Location": "W/S Howard Ave. and Pacific to Dean Sts.", "Num_of_Courts": null, "Accessible": "N", "lat": "40.6757", "lon": "-73.921"}
{"Prop_ID": "B218", "Name": "Paerdegat Park", "Location": "Foster Ave., Farragut Rd., E 40 St. and Albany Ave.", "Num_of_Courts": null, "Accessible": "N", "lat": "40.6386", "lon": "-73.938"}
{"Prop_ID": "B068", "Name": "Parade Ground", "Location": "Caton Ave., Coney Island Ave., Parkside Ave. and Parade Pl.", "Num_of_Courts": null, "Accessible": "N", "lat": "40.6515", "lon": "-73.9656"}
{"Prop_ID": "B267", "Name": "Parkside Playground", "Location": "Rogers Ave., Winthrop St. and Parkside Ave.", "Num_of_Courts": null, "Accessible": "N", "lat": "40.6566", "lon": "-73.9543"}
{"Prop_ID": "B150", "Name": "Paul W. Kolbert Playground", "Location": "Ave. L and E 17 to E 18 Sts.", "Num_of_Courts": null, "Accessible": "N", "lat": "40.6198", "lon": "-73.9581"}
{"Prop_ID": "B224", "Name": "Police Officer Reinaldo Salgado Playground", "Location": "Monroe to Madison Sts., Patchen Ave. and Ralph Ave.", "Num_of_Courts": null, "Accessible": "N", "lat": "40.6877", "lon": "-73.9267"}
{"Prop_ID": "B210J", "Name": "PS 1 Playground", "Location": "43 St., 47 St. and 3 Ave.", "Num_of_Courts": null, "Accessible": "N", "lat": "40.6493", "lon": "-74.0121"}
{"Prop_ID": "B348", "Name": "PS 23 Playground", "Location": "Tompkins, Willoughby and Vernon Aves.", "Num_of_Courts": null, "Accessible": "N", "lat": "40.6942", "lon": "-73.9469"}
{"Prop_ID": "B306", "Name": "PS 286 Playground", "Location": "Ave. Y, between Brown and Haring Sts.", "Num_of_Courts": null, "Accessible": "N", "lat": "40.5908", "lon": "-73.9384"}
{"Prop_ID": "B124", "Name": "PS 84/William Sheridan", "Location": "Wythe Ave. to Berry St. and Grand to S 1 Sts.", "Num_of_Courts": null, "Accessible": "N", "lat": "40.7153", "lon": "-73.9644"}
{"Prop_ID": "B322", "Name": "Pulaski Playground", "Location": "Sumner Ave. between Hart and Pulaski Sts.", "Num_of_Courts": null, "Accessible": "N", "lat": "40.6936", "lon": "-73.9419"}
{"Prop_ID": "B265", "Name": "Rainbow Park", "Location": "55 and 56 Sts. at 6 Ave.", "Num_of_Courts": null, "Accessible": "N", "lat": "40.6405", "lon": "-74.0109"}
{"Prop_ID": "B059", "Name": "Ramirez Playground", "Location": "White, McKibben and Bogart Sts.", "Num_of_Courts": null, "Accessible": "N", "lat": null, "lon": null}
{"Prop_ID": "B152", "Name": "Rappaport Playground", "Location": "Ft. Hamilton Pkwy., 10 Ave. and 52 to 53 Sts.", "Num_of_Courts": null, "Accessible": "N", "lat": "40.6368", "lon": "-74.0006"}
{"Prop_ID": "B077", "Name": "Red Hook Park", "Location": "King, Richards, Verona, Dwight, and Pioneer Sts.", "Num_of_Courts": null, "Accessible": "N", "lat": "40.6772", "lon": "-74.0091"}
{"Prop_ID": "B126", "Name": "Red Hook Recreation Area", "Location": "Lorraine, Clinton and Henry Sts.", "Num_of_Courts": null, "Accessible": "N", "lat": "40.6738", "lon": "-74.0039"}
{"Prop_ID": "B360", "Name": "Remsen Playground", "Location": "Remsen Ave., Glenwood Rd., E 92 St. and Bay View Pl.", "Num_of_Courts": null, "Accessible": "N", "lat": "40.6423", "lon": "-73.9075"}
{"Prop_ID": "B223P02", "Name": "Rodney Park North", "Location": "Rodney, S 4 St. and S 5 St.", "Num_of_Courts": null, "Accessible": "N", "lat": "40.7092", "lon": "-73.9563"}
{"Prop_ID": "B223O03", "Name": "Rodney Park South", "Location": "Division Ave., Rodney St. and S 9 St.", "Num_of_Courts": null, "Accessible": "N", "lat": null, "lon": null}
{"Prop_ID": "B264", "Name": "Roebling Playground", "Location": "Wilson Ave., Lee Ave., Taylor St. and Bedford Ave.", "Num_of_Courts": null, "Accessible": "N", "lat": "40.7063", "lon": "-73.9618"}
{"Prop_ID": "B192", "Name": "Russell Pederson Playground", "Location": "S/W Corner 83 St. & Colonial Rd.", "Num_of_Courts": null, "Accessible": "N", "lat": "40.6261", "lon": "-74.0361"}
{"Prop_ID": "B352", "Name": "Sam Curtis Park", "Location": "S/S Foster Ave., E 81 St. and E 82 St.", "Num_of_Courts": null, "Accessible": "N", "lat": "40.6409", "lon": "-73.9174"}
{"Prop_ID": "B106A", "Name": "Scarangella Park", "Location": "Ave. V, Stillwell Ave., Ave. U and W 13 St.", "Num_of_Courts": null, "Accessible": "N", "lat": "40.5947", "lon": "-73.9843"}
{"Prop_ID": "B261", "Name": "Schenk Playground", "Location": "Livonia Ave., Barbey St. and Schenck Ave.", "Num_of_Courts": null, "Accessible": "N", "lat": "40.6656", "lon": "-73.8861"}
{"Prop_ID": "B096", "Name": "Sgt. William Dougherty Playground", "Location": "Anthony St., Vandervoort Ave., and Cherry St.", "Num_of_Courts": null, "Accessible": "N", "lat": "40.7239", "lon": "-73.9372"}
{"Prop_ID": "B239", "Name": "Sheepshead Playground", "Location": "Ave. Z and Nostrand Ave. to E. 29 St.", "Num_of_Courts": null, "Accessible": "N", "lat": "40.5887", "lon": "-73.9404"}
{"Prop_ID": "B082", "Name": "Shore Road Park", "Location": "79th Street & Shore Road", "Num_of_Courts": null, "Accessible": "N", "lat": "40.6312", "lon": "-74.0397"}
{"Prop_ID": "B137", "Name": "Sixteen Sycamores Playground", "Location": "Schermerhorn St., 3 Ave. and Nevins St.", "Num_of_Courts": null, "Accessible": "N", "lat": "40.6868", "lon": "-73.981"}
{"Prop_ID": "B225", "Name": "St. Andrew's Playground", "Location": "Atlantic Ave., Herkimer St. and Kingston Ave.", "Num_of_Courts": null, "Accessible": "N", "lat": "40.6784", "lon": "-73.9418"}
{"Prop_ID": "B245", "Name": "St. John's Recreation Center", "Location": "Bergen St. between Troy and Schenectady Aves.", "Num_of_Courts": null, "Accessible": "N", "lat": "40.6738", "lon": "-73.934"}
{"Prop_ID": "B118A", "Name": "St. Mary's Playground", "Location": "Smith St. between Luquer and Nelson Sts.", "Num_of_Courts": null, "Accessible": "N", "lat": "40.6764", "lon": "-73.9972"}
{"Prop_ID": "B131", "Name": "Stephen A. Rudd Playground", "Location": "Bushwich Ave., Aberdeen and Granite Sts.", "Num_of_Courts": null, "Accessible": "N", "lat": "40.683", "lon": "-73.9054"}
{"Prop_ID": "B298", "Name": "Stockton Playground", "Location": "Park Ave., Floyd St. and E/O Marcy Ave.", "Num_of_Courts": null, "Accessible": "N", "lat": "40.697", "lon": "-73.949"}
{"Prop_ID": "B350", "Name": "Stroud Playground", "Location": "Classon Ave., Sterling Pl. and Park Pl.", "Num_of_Courts": null, "Accessible": "N", "lat": "40.6749", "lon": "-73.9618"}
{"Prop_ID": "B263", "Name": "Sumner Houses Playground/PS 59", "Location": "Sumner, Throop, Park and Myrtle Aves.", "Num_of_Courts": null, "Accessible": "N", "lat": "40.6976", "lon": "-73.943"}
{"Prop_ID": "B087", "Name": "Sunset Park", "Location": "41 to 44 Sts. and 5 to 7 Aves.", "Num_of_Courts": null, "Accessible": "N", "lat": "40.6481", "lon": "-74.0031"}
{"Prop_ID": "B315", "Name": "Surf Playground", "Location": "Surf Ave, W 25 and W 27 Sts.", "Num_of_Courts": null, "Accessible": "N", "lat": "40.5738", "lon": "-73.9924"}
{"Prop_ID": "B105", "Name": "Taaffe Playground", "Location": "Park to Myrtle Aves. and Taaffe Pl.", "Num_of_Courts": null, "Accessible": "N", "lat": "40.6953", "lon": "-73.9607"}
{"Prop_ID": "B311", "Name": "Ten Eyck Playground/PS 196 Playground", "Location": "Bushwick Ave., Scholes St. and Messerole St.", "Num_of_Courts": null, "Accessible": "N", "lat": "40.709", "lon": "-73.939"}
{"Prop_ID": "B127", "Name": "Thelma Martinez Playground", "Location": "Scholes St. and Manhattan to Graham Aves.", "Num_of_Courts": null, "Accessible": "N", "lat": "40.7093", "lon": "-73.9442"}
{"Prop_ID": "B307", "Name": "Tiger Playground", "Location": "Evergreen Ave., Eldert St. and Covert St.", "Num_of_Courts": null, "Accessible": "N", "lat": "40.6882", "lon": "-73.9106"}
{"Prop_ID": "B234", "Name": "Tilden Playground", "Location": "Tilden Ave. and E 48 to E 49 Sts.", "Num_of_Courts": null, "Accessible": "N", "lat": "40.6476", "lon": "-73.9317"}
{"Prop_ID": "B252", "Name": "West Playground", "Location": "N/S Ave. Z between West St. and W 1 St.", "Num_of_Courts": null, "Accessible": "N", "lat": "40.5876", "lon": "-73.9705"}
{"Prop_ID": "B275", "Name": "William Grady HS Playground", "Location": "Shore Pkwy., Brighton 3 St. and 4 Rd.", "Num_of_Courts": null, "Accessible": "N", "lat": "40.5825", "lon": "-73.9647"}
{"Prop_ID": "B112", "Name": "Williamsburg Bridge Playground", "Location": "Wythe Ave. to Berry St., S 5 St. and S 6 St.", "Num_of_Courts": null, "Accessible": "N", "lat": null, "lon": null}
{"Prop_ID": "B279", "Name": "Wilson Playground", "Location": "Ave. J, Ave. K, E 100 and E 101 Sts.", "Num_of_Courts": null, "Accessible": "N", "lat": "40.6421", "lon": "-73.8947"}
{"Prop_ID": "B312", "Name": "Woodruff Playground/PS 224 Playground", "Location": "Stanley Ave., Autumn Ave. and Hemlock St.", "Num_of_Courts": null, "Accessible": "N", "lat": "40.6652", "lon": "-73.8662"}
{"Prop_ID": "B364", "Name": "Woods Playground", "Location": "Bergen St., Utica Ave., Rochester & St. Mark's Ave.", "Num_of_Courts": null, "Accessible": "N", "lat": "40.6746", "lon": "-73.9286"}
{"Prop_ID": "M108Q", "Name": "24 Sycamores Playground", "Location": "1 Ave. & E. 96 St.", "Num_of_Courts": null, "Accessible": "N", "lat": "40.7595", "lon": "-73.9586"}
{"Prop_ID": "M071", "Name": "76 St. Playground", "Location": "W. 76 St. & Riverside Drive", "Num_of_Courts": null, "Accessible": "N", "lat": "40.7832", "lon": "-73.985"}
{"Prop_ID": "M193", "Name": "Abraham Lincoln Playground", "Location": "135 St. & Madison Ave.", "Num_of_Courts": null, "Accessible": "N", "lat": "40.8122", "lon": "-73.9376"}
{"Prop_ID": "M194", "Name": "Al Smith Recreations Center", "Location": "Catherine St.", "Num_of_Courts": null, "Accessible": "N", "lat": "40.7104", "lon": "-73.9975"}
{"Prop_ID": "M196", "Name": "Alfred E. Smith Playground", "Location": "Madison and Catherine Sts. to Oliver St.", "Num_of_Courts": null, "Accessible": "N", "lat": "40.7122", "lon": "-73.9974"}
{"Prop_ID": "M164", "Name": "Asser Levy Playground", "Location": "E. 23 St. & FDR Drive", "Num_of_Courts": null, "Accessible": "N", "lat": "40.7364", "lon": "-73.9753"}
{"Prop_ID": "M240", "Name": "Audubon Playground", "Location": "170 St. & Audubon Ave.", "Num_of_Courts": null, "Accessible": "N", "lat": "40.8414", "lon": "-73.9385"}
{"Prop_ID": "M226", "Name": "Augustus Saint-Garden's Playground", "Location": "E. 19 St. & 2 Ave.", "Num_of_Courts": null, "Accessible": "N", "lat": "40.7353", "lon": "-73.9821"}
{"Prop_ID": "M165", "Name": "Baruch Playground", "Location": "Rivington St. & Baruch Place", "Num_of_Courts": null, "Accessible": "N", "lat": "40.7172", "lon": "-73.9766"}
{"Prop_ID": "M263", "Name": "Bellevue South Playground", "Location": "E. 26 St. & 2 Ave.", "Num_of_Courts": null, "Accessible": "N", "lat": "40.7397", "lon": "-73.9785"}
{"Prop_ID": "M214", "Name": "Blake Hobbs Park", "Location": "104 St. & 2 Ave.", "Num_of_Courts": null, "Accessible": "N", "lat": "40.7885", "lon": "-73.9443"}
{"Prop_ID": "M238", "Name": "Bloomingdale Playground", "Location": "W. 104 St. & Amsterdam Ave.", "Num_of_Courts": null, "Accessible": "N", "lat": "40.799", "lon": "-73.966"}
{"Prop_ID": "M138", "Name": "Bo Jangles Playground", "Location": "W. 150 St. & 7 Ave.", "Num_of_Courts": null, "Accessible": "N", "lat": "40.8253", "lon": "-73.9372"}
{"Prop_ID": "M200", "Name": "Booker T. Washington Playground", "Location": "W. 108 St. & Columbus Ave.", "Num_of_Courts": null, "Accessible": "N", "lat": "40.8011", "lon": "-73.9641"}
{"Prop_ID": "M081", "Name": "Carl Schurz Park", "Location": "E. 84 St. & York Ave.", "Num_of_Courts": null, "Accessible": "N", "lat": "40.7739", "lon": "-73.9441"}
{"Prop_ID": "M018", "Name": "Carmansville Playground", "Location": "W. 151 to 152 Sts. and Amsterdam Ave.", "Num_of_Courts": null, "Accessible": "N", "lat": "40.8294", "lon": "-73.9443"}
{"Prop_ID": "M010", "Name": "Central Park", "Location": "North Meadow (mid-park at 97th Street)", "Num_of_Courts": null, "Accessible": "N", "lat": "40.7911", "lon": "-73.9598"}
{"Prop_ID": "M010", "Name": "Central Park", "Location": "Great Lawn", "Num_of_Courts": null, "Accessible": "N", "lat": "40.7826", "lon": "-73.9644"}
{"Prop_ID": "M011", "Name": "Chelsea Park", "Location": "W. 28 St. between 9 and 10 Aves.", "Num_of_Courts": null, "Accessible": "N", "lat": "40.7498", "lon": "-74.0004"}
{"Prop_ID": "M171", "Name": "Cherry Playground", "Location": "Clinton, Cherry and Water Sts.", "Num_of_Courts": null, "Accessible": "N", "lat": "40.7113", "lon": "-73.9861"}
{"Prop_ID": "M215", "Name": "Cherry Tree Park", "Location": "E. 99 St. & 3 Ave.", "Num_of_Courts": null, "Accessible": "N", "lat": "40.7875", "lon": "-73.9471"}
{"Prop_ID": "M186", "Name": "Col. Young Playground (Front)", "Location": "W. 145 St. & Lenox Ave.", "Num_of_Courts": null, "Accessible": "N", "lat": "40.8201", "lon": "-73.9361"}
{"Prop_ID": "M186", "Name": "Col. Young Playground (Rear)", "Location": "W. 143 to 144 St. and Hudson River Dr.", "Num_of_Courts": null, "Accessible": "N", "lat": "40.8187", "lon": "-73.9348"}
{"Prop_ID": "M015", "Name": "Columbus Park", "Location": "Worth & Mulberry Sts.", "Num_of_Courts": null, "Accessible": "N", "lat": "40.7145", "lon": "-74"}
{"Prop_ID": "M237", "Name": "Corp. Seravalli Park", "Location": "Hudson St. between Gansevoort and Horatio Sts.", "Num_of_Courts": null, "Accessible": "N", "lat": "40.7391", "lon": "-74.0046"}
{"Prop_ID": "M155", "Name": "Courtney Callender Playground", "Location": "130 to 131 Sts. and 5th Ave.", "Num_of_Courts": null, "Accessible": "N", "lat": "40.8099", "lon": "-73.94"}
{"Prop_ID": "M208E", "Name": "Crack is Wack", "Location": "E. 128 St. & 2 Ave.", "Num_of_Courts": null, "Accessible": "N", "lat": "40.8044", "lon": "-73.9318"}
{"Prop_ID": "M108A", "Name": "DeSalvio Playground", "Location": "Spring & Mulberry Sts.", "Num_of_Courts": null, "Accessible": "N", "lat": "40.8009", "lon": "-73.9309"}
{"Prop_ID": "M022", "Name": "De Witt Clinton Park", "Location": "W. 53rd St. between 11 and 12 Aves.", "Num_of_Courts": null, "Accessible": "N", "lat": "40.7685", "lon": "-73.9947"}
{"Prop_ID": "M270", "Name": "Dry Dock Park", "Location": "E. 10 St. & Ave. D", "Num_of_Courts": null, "Accessible": "N", "lat": "40.7253", "lon": "-73.9752"}
{"Prop_ID": "M144", "Name": "East River Park", "Location": "E. 10 St. & FDR Drive", "Num_of_Courts": null, "Accessible": "N", "lat": "40.7249", "lon": "-73.9724"}
{"Prop_ID": "M258", "Name": "East River Playground / PS 146", "Location": "106 St. & FDR Drive", "Num_of_Courts": null, "Accessible": "N", "lat": "40.7891", "lon": "-73.9385"}
{"Prop_ID": "M116", "Name": "Essex Playground", "Location": "Essex, Norfolk and E. Houston St.", "Num_of_Courts": null, "Accessible": "N", "lat": "40.7218", "lon": "-73.986"}
{"Prop_ID": "M124", "Name": "First Park", "Location": "E. Houston to E. 1 St.", "Num_of_Courts": null, "Accessible": "N", "lat": "40.7235", "lon": "-73.9898"}
{"Prop_ID": "M160", "Name": "Fred Samuels Playground", "Location": "139 to 140 Sts. and Lenox Ave.", "Num_of_Courts": null, "Accessible": "N", "lat": "40.8173", "lon": "-73.9392"}
{"Prop_ID": "M220", "Name": "Frederick Douglass Playground", "Location": "W. 100 to 102 Sts. and Amsterdam Ave.", "Num_of_Courts": null, "Accessible": "N", "lat": "40.7969", "lon": "-73.9679"}
{"Prop_ID": "M037", "Name": "Ft. George Playground", "Location": "Ft. George Ave. & W. 192 St.", "Num_of_Courts": null, "Accessible": "N", "lat": "40.8579", "lon": "-73.9247"}
{"Prop_ID": "M028", "Name": "Ft. Washington Playground", "Location": "161st Street & Henry Hudson Parkway", "Num_of_Courts": null, "Accessible": "N", "lat": "40.8385", "lon": "-73.9485"}
{"Prop_ID": "M222", "Name": "Grand & Canal Courts", "Location": "Grand & Canal Sts.", "Num_of_Courts": null, "Accessible": "N", "lat": "40.7222", "lon": "-74.0051"}
{"Prop_ID": "M065", "Name": "Gulick Playground", "Location": "Columbia & Delancey Sts.", "Num_of_Courts": null, "Accessible": "N", "lat": "40.7159", "lon": "-73.9819"}
{"Prop_ID": "M221", "Name": "Gutenberg PlaygroundLa Gu", "Location": "W. 49 St. between 9 and 10 Aves.", "Num_of_Courts": null, "Accessible": "N", "lat": "40.7636", "lon": "-73.9902"}
{"Prop_ID": "M033", "Name": "Hamilton Fish Playground", "Location": "128 Pitt St.", "Num_of_Courts": null, "Accessible": "N", "lat": "40.7194", "lon": "-73.9806"}
{"Prop_ID": "M041", "Name": "Hamilton Place", "Location": "W. 140 St. & Hamilton Pl.", "Num_of_Courts": null, "Accessible": "N", "lat": "40.8229", "lon": "-73.9515"}
{"Prop_ID": "M229", "Name": "Happy Warrior Playground", "Location": "W. 98 Sts. & Amsterdam Ave.", "Num_of_Courts": null, "Accessible": "N", "lat": "40.7956", "lon": "-73.9683"}
{"Prop_ID": "M141", "Name": "Harlem Lane Playground", "Location": "151 to 154 Sts. and Hudson River Drive", "Num_of_Courts": null, "Accessible": "N", "lat": "40.826", "lon": "-73.9348"}
{"Prop_ID": "M277", "Name": "Hell's Kitchen Park", "Location": "W. 47 St. & 10 Ave.", "Num_of_Courts": null, "Accessible": "N", "lat": "40.763", "lon": "-73.9926"}
{"Prop_ID": "M037", "Name": "Highbridge Play Center (Indoors)", "Location": "W. 173 St. & Amsterdam Ave.", "Num_of_Courts": null, "Accessible": "N", "lat": "40.8426", "lon": "-73.9337"}
{"Prop_ID": "M216", "Name": "Greg Marius Court", "Location": "156 St. & 8 Ave.", "Num_of_Courts": null, "Accessible": "N", "lat": "40.8295", "lon": "-73.9363"}
{"Prop_ID": "M217", "Name": "Howard Bennett Playground", "Location": "135 St. & Lenox Terrace", "Num_of_Courts": null, "Accessible": "N", "lat": "40.8135", "lon": "-73.9387"}
{"Prop_ID": "M042", "Name": "Inwood Park", "Location": "207 St.", "Num_of_Courts": null, "Accessible": "N", "lat": "40.8703", "lon": "-73.922"}
{"Prop_ID": "M099", "Name": "J. Hood Wright Playground (*Under Construction)", "Location": "176 St. & Ft. Washington Ave.", "Num_of_Courts": null, "Accessible": "Y", "lat": "40.8466", "lon": "-73.9406"}
{"Prop_ID": "M014", "Name": "Jackie Robinson Park", "Location": "150 St. & Bradhurst Ave.", "Num_of_Courts": null, "Accessible": "N", "lat": "40.8266", "lon": "-73.9408"}
{"Prop_ID": "M228", "Name": "Jackson Playground", "Location": "Jackson St. between Madison & Henry Sts.", "Num_of_Courts": null, "Accessible": "N", "lat": "40.7139", "lon": "-73.9813"}
{"Prop_ID": "M029", "Name": "Jacob Javits Playground", "Location": "Cabrini Blvd. & Cobrin Circle", "Num_of_Courts": null, "Accessible": "N", "lat": "40.8591", "lon": "-73.9349"}
{"Prop_ID": "M223", "Name": "Jacob Schiff Playground", "Location": "W. 136 St. & Amsterdam Ave.", "Num_of_Courts": null, "Accessible": "N", "lat": "40.8203", "lon": "-73.9524"}
{"Prop_ID": "M111", "Name": "James Weldon Playground / PS 57", "Location": "E. 115 St. & Lexington Ave.", "Num_of_Courts": null, "Accessible": "N", "lat": "40.7973", "lon": "-73.9419"}
{"Prop_ID": "M045", "Name": "John Jay Park", "Location": "E. 77 St. & FDR Drive", "Num_of_Courts": null, "Accessible": "N", "lat": "40.7687", "lon": "-73.9498"}
{"Prop_ID": "M066", "Name": "Kelly Playground", "Location": "W. 17 St. between 8 and 9 Aves.", "Num_of_Courts": null, "Accessible": "N", "lat": "40.7419", "lon": "-74.002"}
{"Prop_ID": "M199", "Name": "Kett Playground", "Location": "W. 204 St. & Nagles Ave.", "Num_of_Courts": null, "Accessible": "N", "lat": "40.8624", "lon": "-73.9211"}
{"Prop_ID": "M132", "Name": "La Guardia Hospital Playground-Rutgers Pool/Little Flower Playground", "Location": "Madison St. opposite Jefferson St.", "Num_of_Courts": null, "Accessible": "N", "lat": "40.7124", "lon": "-73.9883"}
{"Prop_ID": "M058", "Name": "Marcus Garvey Park", "Location": "E. 120 to 124 Sts. and Madison Ave.", "Num_of_Courts": null, "Accessible": "N", "lat": "40.8033", "lon": "-73.9431"}
{"Prop_ID": "M198", "Name": "Martin Luther King Jr. Playground", "Location": "113 to 114 St. and Lenox Ave.", "Num_of_Courts": null, "Accessible": "N", "lat": "40.7999", "lon": "-73.9503"}
{"Prop_ID": "M154", "Name": "May Mathews Playground", "Location": "W. 46 St. between 9 and 10 Aves.", "Num_of_Courts": null, "Accessible": "N", "lat": "40.7614", "lon": "-73.9926"}
{"Prop_ID": "M161", "Name": "McCaffrey Playground", "Location": "W. 43 St. between 8 and 9 Aves.", "Num_of_Courts": null, "Accessible": "N", "lat": "40.759", "lon": "-73.9911"}
{"Prop_ID": "M259", "Name": "McKinley Playground", "Location": "Ave. A between E. 3 St. and E. 4 St.", "Num_of_Courts": null, "Accessible": "N", "lat": "40.7242", "lon": "-73.9857"}
{"Prop_ID": "M204", "Name": "Moore Playground / PS 133", "Location": "E. 131 St. & Madison Ave.", "Num_of_Courts": null, "Accessible": "N", "lat": "40.8095", "lon": "-73.9386"}
{"Prop_ID": "M056", "Name": "Morningside Park", "Location": "W. 113 St. & Morningside", "Num_of_Courts": null, "Accessible": "Y", "lat": "40.8031", "lon": "-73.958"}
{"Prop_ID": "M056", "Name": "Morningside Park", "Location": "W. 116 St. & Morningside", "Num_of_Courts": null, "Accessible": "Y", "lat": "40.8074", "lon": "-73.9573"}
{"Prop_ID": "M056", "Name": "Morningside Park", "Location": "W. 123 St. & Morningside", "Num_of_Courts": null, "Accessible": "Y", "lat": "40.8107", "lon": "-73.9551"}
{"Prop_ID": "M239", "Name": "Morningside Playground", "Location": "E. 118 St. & 2 Ave.", "Num_of_Courts": null, "Accessible": "N", "lat": "40.7975", "lon": "-73.9356"}
{"Prop_ID": "M037", "Name": "Multi Purpose Playground", "Location": "W. 175 St. & Amsterdam Ave.", "Num_of_Courts": null, "Accessible": "N", "lat": "40.8448", "lon": "-73.9328"}
{"Prop_ID": "M059", "Name": "Murphy Playground", "Location": "Ave. C & E. 17 St.", "Num_of_Courts": null, "Accessible": "N", "lat": "40.7304", "lon": "-73.9738"}
{"Prop_ID": "M108J", "Name": "Pedestrian Landing (Each One Teach One) Playground", "Location": "E. 120 St. & FDR Drive", "Num_of_Courts": null, "Accessible": "N", "lat": null, "lon": null}
{"Prop_ID": "M249", "Name": "Penn South Playground", "Location": "W. 26 St. between 8 and 9 Aves.", "Num_of_Courts": null, "Accessible": "N", "lat": "40.7478", "lon": "-73.9989"}
{"Prop_ID": "M227", "Name": "Peters Field Playground", "Location": "2 Ave., E. 20 St. and E. 21 St.", "Num_of_Courts": null, "Accessible": "N", "lat": "40.7363", "lon": "-73.9818"}
{"Prop_ID": "M108G", "Name": "Playground 103", "Location": "103rd St. & FDR Drive", "Num_of_Courts": null, "Accessible": "N", "lat": "40.787", "lon": "-73.9393"}
{"Prop_ID": "M233", "Name": "Playground 70", "Location": "W 70 St., West End Ave, and Amsterdam Ave.", "Num_of_Courts": null, "Accessible": "N", "lat": "40.7771", "lon": "-73.9837"}
{"Prop_ID": "M230", "Name": "Poor Richard Playground", "Location": "E. 109 St. & 3 Ave.", "Num_of_Courts": null, "Accessible": "N", "lat": "40.7926", "lon": "-73.9433"}
{"Prop_ID": "M205", "Name": "PS 125 Playground", "Location": "Morningside Ave. and W. 123 to 124 Sts.", "Num_of_Courts": null, "Accessible": "N", "lat": "40.811", "lon": "-73.956"}
{"Prop_ID": "M288", "Name": "Ramon Aponte Playground", "Location": "W. 47 St. between 8 and 9 Aves.", "Num_of_Courts": null, "Accessible": "N", "lat": "40.7615", "lon": "-73.9892"}
{"Prop_ID": "M245", "Name": "Renaissance Playground", "Location": "143 to 144 St. and 8 Ave.", "Num_of_Courts": null, "Accessible": "N", "lat": "40.8211", "lon": "-73.9415"}
{"Prop_ID": "M072", "Name": "Riverbank Park", "Location": "148 St. & Henry Hudson Parkway", "Num_of_Courts": null, "Accessible": "N", "lat": "40.8257", "lon": "-73.9538"}
{"Prop_ID": "M158", "Name": "Robert Moses Playground", "Location": "E. 42 St. & FDR Drive", "Num_of_Courts": null, "Accessible": "N", "lat": "40.7484", "lon": "-73.9693"}
{"Prop_ID": "M158", "Name": "Robert Wagner Playground", "Location": "E. 121 St. & 2 Ave.", "Num_of_Courts": null, "Accessible": "N", "lat": "40.7484", "lon": "-73.9693"}
{"Prop_ID": "M184", "Name": "Samuel Bennerson", "Location": "W. 63 to 64 Sts. between West End & Amsterdam Aves.", "Num_of_Courts": null, "Accessible": "N", "lat": "40.7738", "lon": "-73.9867"}
{"Prop_ID": "M105", "Name": "Sara D. Roosevelt Park (A)", "Location": "Stanton St.", "Num_of_Courts": null, "Accessible": "Y", "lat": "40.7231", "lon": "-73.9909"}
{"Prop_ID": "M105", "Name": "Sara D. Roosevelt Park (B)", "Location": "Delancey St. between Forsythe and Christie Sts.", "Num_of_Courts": null, "Accessible": "Y", "lat": "40.7221", "lon": "-73.9914"}
{"Prop_ID": "M105", "Name": "Sara D. Roosevelt Park (D)", "Location": "Canal to Hester Sts.", "Num_of_Courts": null, "Accessible": "Y", "lat": "40.7175", "lon": "-73.9937"}
{"Prop_ID": "M236", "Name": "Seabury Playground", "Location": "Lexington Ave. & E. 95 St.", "Num_of_Courts": null, "Accessible": "N", "lat": "40.7853", "lon": "-73.9511"}
{"Prop_ID": "M082", "Name": "Seward Park", "Location": "Canal, Hester and Jefferson Sts.", "Num_of_Courts": null, "Accessible": "N", "lat": "40.7148", "lon": "-73.9892"}
{"Prop_ID": "M195", "Name": "Sidney Hillman / PS 110", "Location": "Lewis & Delancey Sts.", "Num_of_Courts": null, "Accessible": "N", "lat": "40.7151", "lon": "-73.9798"}
{"Prop_ID": "M244", "Name": "Sol Bloom Playground", "Location": "W. 70 St. between Central Park West and Columbus Ave.", "Num_of_Courts": null, "Accessible": "N", "lat": "40.7896", "lon": "-73.9685"}
{"Prop_ID": "M235", "Name": "Sol Lain Playground", "Location": "E. Bway & Henry St.", "Num_of_Courts": null, "Accessible": "N", "lat": "40.7144", "lon": "-73.9839"}
{"Prop_ID": "M079", "Name": "St. Catherine's Park", "Location": "1 Ave. and E. 67 to 68 Sts.", "Num_of_Courts": null, "Accessible": "N", "lat": "40.7654", "lon": "-73.9592"}
{"Prop_ID": "M077", "Name": "St. Nicholas Park", "Location": "W. 141 St. & St. Nicholas Ave.", "Num_of_Courts": null, "Accessible": "N", "lat": "40.816", "lon": "-73.9489"}
{"Prop_ID": "M077", "Name": "St. Nicholas Park", "Location": "W. 133 St. & St. Nicholas Ave.", "Num_of_Courts": null, "Accessible": "N", "lat": "40.8213", "lon": "-73.9467"}
{"Prop_ID": "M077", "Name": "St. Nicholas Playground (North)", "Location": "129 to 130 St. & 7 Ave.", "Num_of_Courts": null, "Accessible": "N", "lat": "40.8123", "lon": "-73.9469"}
{"Prop_ID": "M077", "Name": "St. Nicholas Playground (South)", "Location": "128 St. & 7 Ave.", "Num_of_Courts": null, "Accessible": "N", "lat": "40.8111", "lon": "-73.9475"}
{"Prop_ID": "M077", "Name": "St. Nicholas Terrace", "Location": "W. 129 St. & St. Nicholas Ave.", "Num_of_Courts": null, "Accessible": "N", "lat": "40.8131", "lon": "-73.9512"}
{"Prop_ID": "M076", "Name": "St. Vartan's Playground", "Location": "2 Ave. and E. 35 to E. 36 Sts.", "Num_of_Courts": null, "Accessible": "N", "lat": "40.7457", "lon": "-73.9746"}
{"Prop_ID": "M192", "Name": "Stanley Isaacs Playground", "Location": "1 Ave. & E. 96 St.", "Num_of_Courts": null, "Accessible": "N", "lat": "40.7835", "lon": "-73.9442"}
{"Prop_ID": "M037", "Name": "Sunken Playground", "Location": "W. 167 St. & Edgecombe Ave.", "Num_of_Courts": null, "Accessible": "N", "lat": "40.8376", "lon": "-73.9362"}
{"Prop_ID": "M206", "Name": "Tanahey Playground", "Location": "Cherry St. to Water St.", "Num_of_Courts": null, "Accessible": "N", "lat": "40.7101", "lon": "-73.9948"}
{"Prop_ID": "M219", "Name": "Tecumseh Playground", "Location": "W. 77 St. & Amsterdam Ave.", "Num_of_Courts": null, "Accessible": "N", "lat": "40.7816", "lon": "-73.9785"}
{"Prop_ID": "M047", "Name": "Thomas Jefferson Park", "Location": "2180 1 Ave.", "Num_of_Courts": null, "Accessible": "N", "lat": "40.7923", "lon": "-73.9356"}
{"Prop_ID": "M069", "Name": "Thompson Playground", "Location": "Thompson & Spring Sts.", "Num_of_Courts": null, "Accessible": "N", "lat": "40.7253", "lon": "-74.0024"}
{"Prop_ID": "M088", "Name": "Tompkins Sq. Park", "Location": "E 10 St. & Ave. B", "Num_of_Courts": null, "Accessible": "N", "lat": "40.7268", "lon": "-73.9807"}
{"Prop_ID": "M037", "Name": "Wallenburg Playground", "Location": "W. 189 St. & Amsterdam Ave.", "Num_of_Courts": null, "Accessible": "N", "lat": "40.8533", "lon": "-73.9267"}
{"Prop_ID": "M125C", "Name": "West 4th St. Courts", "Location": "W. 4th St. & 6th Avenue", "Num_of_Courts": null, "Accessible": "N", "lat": "40.7311", "lon": "-74.0011"}
{"Prop_ID": "M148", "Name": "White Playground", "Location": "E. 105 St. & Lexington Ave.", "Num_of_Courts": null, "Accessible": "N", "lat": "40.7919", "lon": "-73.9459"}
{"Prop_ID": "M110", "Name": "William McCray Playground", "Location": "138 St. between Lenox and 5 Ave.", "Num_of_Courts": null, "Accessible": "N", "lat": "40.8157", "lon": "-73.938"}
{"Prop_ID": "M234", "Name": "Wright Brothers / PS 28", "Location": "St. Nicholas Ave. & W. 156 St.", "Num_of_Courts": null, "Accessible": "N", "lat": "40.8317", "lon": "-73.942"}
{"Prop_ID": "Q099", "Name": "Albert H. Mauro", "Location": "Park Dr. East & 73 Terrace", "Num_of_Courts": "3", "Accessible": "N", "lat": "40.724", "lon": "-73.8275"}
{"Prop_ID": "Q356", "Name": "Alley Playground/PS 213", "Location": "230th St. & 67th Ave.", "Num_of_Courts": "2", "Accessible": "N", "lat": "40.7471", "lon": "-73.745"}
{"Prop_ID": "Q319", "Name": "Annadale Playground", "Location": "Yellowstone Blvd., 65 Rd. & 65 Ave", "Num_of_Courts": "2", "Accessible": "N", "lat": "40.731", "lon": "-73.8519"}
{"Prop_ID": "Q313", "Name": "Arverne Playground", "Location": "Averne Blvd. & Beach 55 St.", "Num_of_Courts": "3", "Accessible": "N", "lat": "40.5927", "lon": "-73.785"}
{"Prop_ID": "Q397", "Name": "Auburndale Playground", "Location": "35 Ave. between 171 and 172 Sts.", "Num_of_Courts": "2", "Accessible": "N", "lat": "40.7656", "lon": "-73.7944"}
{"Prop_ID": "Q357B01", "Name": "Barrier Playground", "Location": "102 St., 62 Ave. & Yellowstone Blvd.", "Num_of_Courts": "2", "Accessible": "N", "lat": "40.7362", "lon": "-73.8549"}
{"Prop_ID": "Q399", "Name": "Bay Terrace Playground/PS 169", "Location": "NE Corner of 212 St. & 23Ave.", "Num_of_Courts": "1", "Accessible": "N", "lat": "40.7821", "lon": "-73.7776"}
{"Prop_ID": "Q007", "Name": "Bayswater Park", "Location": "Beach Channel Dr. & Beach 32 St.", "Num_of_Courts": "3", "Accessible": "N", "lat": "40.5992", "lon": "-73.7674"}
{"Prop_ID": "Q326", "Name": "Bland Playground", "Location": "40 Rd. & Prince St.", "Num_of_Courts": "1", "Accessible": "N", "lat": "40.7583", "lon": "-73.8309"}
{"Prop_ID": "Q006", "Name": "Bowne Park", "Location": "32 Ave., 29 Ave. and 155 to 159 Sts.", "Num_of_Courts": "1", "Accessible": "N", "lat": "40.7703", "lon": "-73.8058"}
{"Prop_ID": "Q308", "Name": "Bowne Playground", "Location": "Sanford Ave. & Union St.", "Num_of_Courts": "2", "Accessible": "N", "lat": "40.7581", "lon": "-73.8249"}
{"Prop_ID": "Q379", "Name": "Briarwood Playground", "Location": "148 St. & 85 Ave.", "Num_of_Courts": "3", "Accessible": "N", "lat": "40.71", "lon": "-73.8113"}
{"Prop_ID": "Q460", "Name": "Broad Channel", "Location": "Cross Bay Blvd. & E 16 Rd.", "Num_of_Courts": "3", "Accessible": "N", "lat": "40.6012", "lon": "-73.8197"}
{"Prop_ID": "Q366", "Name": "Bulova Park", "Location": "W/S 77 St. and N/S 25 Ave.", "Num_of_Courts": "1", "Accessible": "N", "lat": "40.763", "lon": "-73.8921"}
{"Prop_ID": "Q012", "Name": "Buz O' Rourke P/G", "Location": "33 Ave. & 214 Pl.", "Num_of_Courts": null, "Accessible": "N", "lat": "40.771", "lon": "-73.7712"}
{"Prop_ID": "Q361", "Name": "C.C. Moore Homestead Park", "Location": "82 St. & Broadway", "Num_of_Courts": "2", "Accessible": "N", "lat": "40.7418", "lon": "-73.8819"}
{"Prop_ID": "Q347", "Name": "Cadwaller Colden Playground", "Location": "Union St. & 31 Rd.", "Num_of_Courts": "2", "Accessible": "N", "lat": "40.77", "lon": "-73.8274"}
{"Prop_ID": "Q300", "Name": "Capt. Mario Fajardo", "Location": "Kissena Blvd. & Booth Memorial Blvd.", "Num_of_Courts": "2", "Accessible": "N", "lat": "40.7437", "lon": "-73.8147"}
{"Prop_ID": "Q376", "Name": "Cedar Grove Playground (P.S. 218)", "Location": "Main St. & Gravett Rd.", "Num_of_Courts": "4", "Accessible": "N", "lat": "40.7361", "lon": "-73.8244"}
{"Prop_ID": "Q386", "Name": "Centerville", "Location": "96 St., Centerville St. and Albert Rd.", "Num_of_Courts": "1", "Accessible": "N", "lat": "40.6705", "lon": "-73.8395"}
{"Prop_ID": "Q346", "Name": "Challenge Playground", "Location": "251 St. & 63 Ave.", "Num_of_Courts": "1", "Accessible": "N", "lat": "40.7561", "lon": "-73.7275"}
{"Prop_ID": "Q390", "Name": "Clintonville Playground/JHS 194", "Location": "Clintonville St. between 17 Ave. and 17 Rd.", "Num_of_Courts": "6", "Accessible": "N", "lat": "40.783", "lon": "-73.8074"}
{"Prop_ID": "Q457", "Name": "College Point Park", "Location": "College Pt. Blvd. & 14 Ave.", "Num_of_Courts": "3", "Accessible": "N", "lat": "40.7854", "lon": "-73.8464"}
{"Prop_ID": "Q450", "Name": "Corona Golf", "Location": "46 Ave. & 111 St.", "Num_of_Courts": "5", "Accessible": "N", "lat": "40.7474", "lon": "-73.855"}
{"Prop_ID": "Q360J", "Name": "Crowley", "Location": "84 St. & 57 Ave.", "Num_of_Courts": "3", "Accessible": "N", "lat": "40.7296", "lon": "-73.8793"}
{"Prop_ID": "Q021", "Name": "Cunningham Park - Upper Playground", "Location": "196 Pl. & Union Turnpike", "Num_of_Courts": "2", "Accessible": "N", "lat": "40.7262", "lon": "-73.7753"}
{"Prop_ID": "Q373", "Name": "East Elmhurst Playground", "Location": "25 Ave. & 98 St.", "Num_of_Courts": "5", "Accessible": "N", "lat": "40.7651", "lon": "-73.8701"}
{"Prop_ID": "Q419", "Name": "Edward Hart Playground", "Location": "147 St. between 26 and 27 Aves.", "Num_of_Courts": "4", "Accessible": "N", "lat": "40.774", "lon": "-73.8186"}
{"Prop_ID": "Q304", "Name": "Ehrenreich-Austin St. Playground", "Location": "Austin St. between 76 Ave. & 76 Dr.", "Num_of_Courts": "2", "Accessible": "N", "lat": "40.7151", "lon": "-73.8364"}
{"Prop_ID": "Q342", "Name": "Electrichester Houses Playground/Electric Playground", "Location": "65 Ave. & 164 St.", "Num_of_Courts": "1", "Accessible": "N", "lat": "40.7363", "lon": "-73.8051"}
{"Prop_ID": "Q344", "Name": "Emerald Playground/PS 200", "Location": "71 Ave. & 164 St.", "Num_of_Courts": "3", "Accessible": "N", "lat": "40.7314", "lon": "-73.8059"}
{"Prop_ID": "Q053", "Name": "Equity Park", "Location": "88 Ave. & 91 St.", "Num_of_Courts": "2", "Accessible": "N", "lat": "40.6914", "lon": "-73.8533"}
{"Prop_ID": "Q302", "Name": "Evergreen Park", "Location": "St. Felix Ave. and Seneca Ave.", "Num_of_Courts": null, "Accessible": "N", "lat": "40.6975", "lon": "-73.897"}
{"Prop_ID": "Q221", "Name": "Farm Playground/PS 26", "Location": "73 Ave. & 196 St.", "Num_of_Courts": "2", "Accessible": "N", "lat": "40.7352", "lon": "-73.7774"}
{"Prop_ID": "Q337", "Name": "Fitzgerald Playground", "Location": "Atlantic Ave. & 94 Ave.", "Num_of_Courts": "3", "Accessible": "N", "lat": "40.6901", "lon": "-73.8399"}
{"Prop_ID": "Q086", "Name": "Flushing Fields", "Location": "Bayside Ave., 25 Ave. and 149 to 150 Sts.", "Num_of_Courts": "2", "Accessible": "N", "lat": "40.7756", "lon": "-73.8173"}
{"Prop_ID": "Q099", "Name": "Flushing Meadows Corona Park Meadow Lake East", "Location": "W/S of Meadow Lake & Grand Central Pkwy.", "Num_of_Courts": null, "Accessible": "N", "lat": null, "lon": null}
{"Prop_ID": "Q015", "Name": "Forest Park", "Location": "108 St., Myrtle Ave. & Park Lane South", "Num_of_Courts": null, "Accessible": "N", "lat": "40.7026", "lon": "-73.8686"}
{"Prop_ID": "Q015", "Name": "Forest Park", "Location": "Woodhaven Blvd. & Forest Park Dr.", "Num_of_Courts": null, "Accessible": "N", "lat": "40.7015", "lon": "-73.8559"}
{"Prop_ID": "Q015", "Name": "Forest Park", "Location": "80 St. & Myrtle Ave.", "Num_of_Courts": "2", "Accessible": "N", "lat": "40.7025", "lon": "-73.8684"}
{"Prop_ID": "Q015", "Name": "Forest Park (Sobelsohn P/G)", "Location": "Park Lane S. & Abingdon Rd.", "Num_of_Courts": null, "Accessible": "N", "lat": "40.7101", "lon": "-73.8353"}
{"Prop_ID": "Q126", "Name": "Francis Lewis Park", "Location": "3 Ave., 147 St. and E River", "Num_of_Courts": null, "Accessible": "Y", "lat": "40.7965", "lon": "-73.8249"}
{"Prop_ID": "Q381", "Name": "Francis Lewis Playground", "Location": "42 Ave. & Francis Lewis Blvd.", "Num_of_Courts": "3", "Accessible": "N", "lat": "40.7603", "lon": "-73.7837"}
{"Prop_ID": "Q098", "Name": "Frank D. O'Connor Playground", "Location": "78 St & Broadway", "Num_of_Courts": "3", "Accessible": "N", "lat": "40.7439", "lon": "-73.8868"}
{"Prop_ID": "Q445", "Name": "Frank Golden Playground", "Location": "136 St & 20 Ave.", "Num_of_Courts": "1", "Accessible": "N", "lat": "40.7845", "lon": "-73.833"}
{"Prop_ID": "Q119", "Name": "Frederick B. Judge", "Location": "111 Ave., 134 to 135 Sts. and Lincoln Sts.", "Num_of_Courts": "2", "Accessible": "N", "lat": "40.6828", "lon": "-73.808"}
{"Prop_ID": "Q089B", "Name": "George U. Harvey", "Location": "15 to 20 Aves. and E/O Whitestone Expwy.", "Num_of_Courts": "2", "Accessible": "N", "lat": "40.7821", "lon": "-73.8239"}
{"Prop_ID": "Q085", "Name": "Gorman Park", "Location": "30 Ave. btwn. 84 & 85 Sts.", "Num_of_Courts": "4", "Accessible": "N", "lat": "40.7623", "lon": "-73.8842"}
{"Prop_ID": "Q367", "Name": "Hammel Playground", "Location": "Beach 83 St. & Rockaway Beach Blvd.", "Num_of_Courts": "2", "Accessible": "N", "lat": "40.5881", "lon": "-73.8091"}
{"Prop_ID": "Q408", "Name": "Harold Schneiderman/PS 232", "Location": "155 Ave. between 84 and 85 Sts.", "Num_of_Courts": "2", "Accessible": "N", "lat": "40.6651", "lon": "-73.8502"}
{"Prop_ID": "Q020", "Name": "Highland Park Lower", "Location": "Jamaica Ave. & Cleveland St.", "Num_of_Courts": "4", "Accessible": "N", "lat": "40.6838", "lon": "-73.8869"}
{"Prop_ID": "Q020", "Name": "Highland Park Upper", "Location": "Highland Blvd. & Heath Pl.", "Num_of_Courts": "1", "Accessible": "N", "lat": "40.6829", "lon": "-73.8927"}
{"Prop_ID": "Q360N", "Name": "Hoffman", "Location": "Hoffman Dr. & Seabury St.", "Num_of_Courts": "3", "Accessible": "N", "lat": "40.7328", "lon": "-73.8718"}
{"Prop_ID": "Q300B", "Name": "Holy Cow Playground", "Location": "Peck Ave. & Harding Blvd.", "Num_of_Courts": "5", "Accessible": "N", "lat": "40.7418", "lon": "-73.7776"}
{"Prop_ID": "Q220G", "Name": "Hoover", "Location": "Manton St. & 83 Ave.", "Num_of_Courts": "3", "Accessible": "N", "lat": "40.7119", "lon": "-73.8212"}
{"Prop_ID": "Q428", "Name": "Horace Harding Playground/PS 206", "Location": "62 Dr. between 97 Pl. & 98 St.", "Num_of_Courts": null, "Accessible": "N", "lat": "40.7332", "lon": "-73.8605"}
{"Prop_ID": "Q001", "Name": "Horatio P/G", "Location": "Horatio Pkwy. & 228th St.", "Num_of_Courts": null, "Accessible": "N", "lat": "40.7588", "lon": "-73.7544"}
{"Prop_ID": "Q391", "Name": "Joe Austin", "Location": "164 Pl. & Grand Central Parkway", "Num_of_Courts": "2", "Accessible": "N", "lat": "40.7158", "lon": "-73.8013"}
{"Prop_ID": "Q285", "Name": "John Adams", "Location": "133 Ave., 101-103 Sts.", "Num_of_Courts": "2", "Accessible": "N", "lat": "40.6771", "lon": "-73.8357"}
{"Prop_ID": "Q305", "Name": "Joseph F. Mafera Park", "Location": "65 Pl. & Catalpa Ave. & 68 Ave.", "Num_of_Courts": "2", "Accessible": "N", "lat": "40.7062", "lon": "-73.8912"}
{"Prop_ID": "Q094", "Name": "Joseph P. Addabbo Playground", "Location": "North Conduit Ave. between 81 and 82 Sts.", "Num_of_Courts": "1", "Accessible": "Y", "lat": "40.6734", "lon": "-73.854"}
{"Prop_ID": "Q122", "Name": "Junction Playground", "Location": "96 St., 34 Ave. & Junction Blvd.", "Num_of_Courts": "2", "Accessible": "N", "lat": "40.7545", "lon": "-73.872"}
{"Prop_ID": "Q102", "Name": "Juniper North Playground", "Location": "80 St. & Juniper Blvd. North", "Num_of_Courts": "1", "Accessible": "N", "lat": "40.7209", "lon": "-73.8771"}
{"Prop_ID": "Q102", "Name": "Juniper South Playground", "Location": "74 St. & Juniper Blvd. South", "Num_of_Courts": "1", "Accessible": "N", "lat": "40.7182", "lon": "-73.8834"}
{"Prop_ID": "Q300A", "Name": "Kissena Corridor East", "Location": "Peck & Underhill Aves.", "Num_of_Courts": "1", "Accessible": "N", "lat": "40.7445", "lon": "-73.7874"}
{"Prop_ID": "Q024", "Name": "Kissena Park/164 St. P/G", "Location": "164 St. opposite Lithonia Ave.", "Num_of_Courts": "1", "Accessible": "N", "lat": "40.7482", "lon": "-73.8032"}
{"Prop_ID": "Q300", "Name": "Lawrence St.", "Location": "Lawrence St., College Point Blvd. and Queens Botanical Gardens", "Num_of_Courts": "1", "Accessible": "N", "lat": "40.7484", "lon": "-73.834"}
{"Prop_ID": "Q096E", "Name": "Lefferts", "Location": "North Conduit Ave. and 120 to 122 Sts.", "Num_of_Courts": "2", "Accessible": "N", "lat": "40.6654", "lon": "-73.8209"}
{"Prop_ID": "Q128", "Name": "London Planetree", "Location": "88th St., Atlantic Ave, & 95 Ave.", "Num_of_Courts": "1", "Accessible": "N", "lat": "40.6861", "lon": "-73.853"}
{"Prop_ID": "Q415", "Name": "Louis Armstrong Playground/PS 143", "Location": "37 Ave. btwn. 112 & 113 Sts.", "Num_of_Courts": "2", "Accessible": "N", "lat": "40.7549", "lon": "-73.8556"}
{"Prop_ID": "Q369", "Name": "Louis Pasteur Park/JHS 67", "Location": "248 St. & 51 Ave.", "Num_of_Courts": null, "Accessible": "N", "lat": "40.762", "lon": "-73.7352"}
{"Prop_ID": "Q009", "Name": "MacNeil Park", "Location": "Poppenhusen Ave. and 119 St.", "Num_of_Courts": "1", "Accessible": "Y", "lat": "40.7934", "lon": "-73.8516"}
{"Prop_ID": "Q211", "Name": "Maple Playground", "Location": "Maple Ave. & Kissena Blvd.", "Num_of_Courts": "1", "Accessible": "N", "lat": "40.7556", "lon": "-73.8261"}
{"Prop_ID": "Q364", "Name": "Marie Curie Park", "Location": "211 St. & 47 Ave.", "Num_of_Courts": "1", "Accessible": "N", "lat": "40.757", "lon": "-73.7712"}
{"Prop_ID": "Q041", "Name": "Newtown Playground", "Location": "92 St. & 56 Ave.", "Num_of_Courts": null, "Accessible": "N", "lat": "40.7363", "lon": "-73.8695"}
{"Prop_ID": "Q363", "Name": "Northern Playground", "Location": "Northern BLvd. & 90th St.", "Num_of_Courts": "6", "Accessible": "N", "lat": "40.756", "lon": "-73.8744"}
{"Prop_ID": "Q400", "Name": "Oakland Gardens Playground/PS 203", "Location": "54 Ave. & Springfield Blvd.", "Num_of_Courts": "3", "Accessible": "N", "lat": "40.7536", "lon": "-73.7598"}
{"Prop_ID": "Q162I", "Name": "O'Dohonue Park", "Location": "Beach 20-17 St. & Seagirt Blvd.", "Num_of_Courts": null, "Accessible": "N", "lat": null, "lon": null}
{"Prop_ID": "Q092", "Name": "P.O. Edward Byrne Park", "Location": "North Conduit Ave., 134 to 135 Sts. and 135 Ave.", "Num_of_Courts": "2", "Accessible": "N", "lat": "40.6673", "lon": "-73.8076"}
{"Prop_ID": "Q118", "Name": "P.O. Nicholas DeMutis Park", "Location": "Liberty Ave. and 101 to 102 Sts.", "Num_of_Courts": "1", "Accessible": "N", "lat": "40.6818", "lon": "-73.8392"}
{"Prop_ID": "Q026", "Name": "Park of the Americas", "Location": "104 St. & 41 Ave.", "Num_of_Courts": "1", "Accessible": "N", "lat": "40.7487", "lon": "-73.8614"}
{"Prop_ID": "Q334", "Name": "Playground 21", "Location": "163 to 166 Sts., 21 Ave. and 21 Rd.", "Num_of_Courts": "1", "Accessible": "N", "lat": "40.7781", "lon": "-73.7984"}
{"Prop_ID": "Q377", "Name": "Playground 62/PS 220", "Location": "Yellowstone Blvd. between 62 Ave. & 62 Rd.", "Num_of_Courts": "5", "Accessible": "N", "lat": "40.736", "lon": "-73.8536"}
{"Prop_ID": "Q354", "Name": "Playground 75/PS 154", "Location": "75 Ave. & 160 St.", "Num_of_Courts": "3", "Accessible": "N", "lat": "40.7264", "lon": "-73.8081"}
{"Prop_ID": "Q362", "Name": "Playground Ninety", "Location": "Northern Blvd. & 90 St.", "Num_of_Courts": "2", "Accessible": "N", "lat": "40.757", "lon": "-73.8785"}
{"Prop_ID": "Q329", "Name": "Pomonok", "Location": "65 Ave. & Kissena Blvd.", "Num_of_Courts": "4", "Accessible": "N", "lat": "40.7357", "lon": "-73.8141"}
{"Prop_ID": "Q011", "Name": "Poppenhusen Playground", "Location": "20 Ave btwn 123rd & 124th Sts", "Num_of_Courts": "1", "Accessible": "N", "lat": "40.781", "lon": "-73.8444"}
{"Prop_ID": "Q316", "Name": "PS 46", "Location": "64 Ave. & 218 St.", "Num_of_Courts": null, "Accessible": "N", "lat": "40.7558", "lon": "-73.7646"}
{"Prop_ID": "Q212", "Name": "Queens Valley Playground", "Location": "137 St. & 77 Ave.", "Num_of_Courts": null, "Accessible": "N", "lat": "40.7219", "lon": "-73.8237"}
{"Prop_ID": "Q300", "Name": "Rachel Carlson Park", "Location": "Colden St. & Juniper Ave.", "Num_of_Courts": "1", "Accessible": "N", "lat": "40.7489", "lon": "-73.8222"}
{"Prop_ID": "Q300", "Name": "Rachel Carson Playground", "Location": "Colden St. & Juniper Ave.", "Num_of_Courts": null, "Accessible": "N", "lat": null, "lon": null}
{"Prop_ID": "Q103", "Name": "Raymond M. O'Connor Field", "Location": "33 Ave. & 210 St.", "Num_of_Courts": "1", "Accessible": "N", "lat": "40.7717", "lon": "-73.7798"}
{"Prop_ID": "Q357B", "Name": "Real Good Park", "Location": "Long Island Expressway, 99 St. & 62 Ave.", "Num_of_Courts": "3", "Accessible": "N", "lat": "40.7359", "lon": "-73.8568"}
{"Prop_ID": "Q345", "Name": "Redfern Playground", "Location": "Redfern Ave & Beach 12 St.", "Num_of_Courts": "1", "Accessible": "N", "lat": "40.6113", "lon": "-73.7491"}
{"Prop_ID": "Q162", "Name": "Rockaway Beach", "Location": "Beach 82 & Shore Front Pkwy.", "Num_of_Courts": "2", "Accessible": "N", "lat": "40.586", "lon": "-73.8071"}
{"Prop_ID": "Q371", "Name": "Rockaway Community Playground", "Location": "Almeda Avenue", "Num_of_Courts": "3", "Accessible": "N", "lat": "40.5983", "lon": "-73.7837"}
{"Prop_ID": "Q414", "Name": "Rocket Park/JHS 202", "Location": "North Conduit Ave., Arion Rd. and 149 Ave.", "Num_of_Courts": "1", "Accessible": "N", "lat": "40.6706", "lon": "-73.8462"}
{"Prop_ID": "Q335", "Name": "Russell Sage Playground", "Location": "68 Ave. & Booth to Austin sts", "Num_of_Courts": null, "Accessible": "N", "lat": "40.7236", "lon": "-73.8518"}
{"Prop_ID": "Q422", "Name": "Seaside Playground", "Location": "Rockaway Beach Blvd. & B109-110 Sts.", "Num_of_Courts": "3", "Accessible": "N", "lat": "40.5809", "lon": "-73.8308"}
{"Prop_ID": "Q021C", "Name": "Seven Gables Playground", "Location": "210 St. & Oceania St.", "Num_of_Courts": "4", "Accessible": "N", "lat": "40.7441", "lon": "-73.7664"}
{"Prop_ID": "Q024", "Name": "Seven Seas Sports Courts/Four Winds P/G", "Location": "Booth Memorial Blvd. & 160 St.", "Num_of_Courts": "3", "Accessible": "N", "lat": "40.7424", "lon": "-73.8079"}
{"Prop_ID": "Q300", "Name": "Silent Springs Playground", "Location": "Colden St. & Geranium Ave.", "Num_of_Courts": "1", "Accessible": "N", "lat": "40.7502", "lon": "-73.8233"}
{"Prop_ID": "Q129", "Name": "Smokey Oval Playground", "Location": "Atlantic, 95 Ave., and 125 St.", "Num_of_Courts": "2", "Accessible": "N", "lat": "40.6943", "lon": "-73.8208"}
{"Prop_ID": "Q303", "Name": "Travers Park", "Location": "78 St, , S/O Northern Blvd.", "Num_of_Courts": "2", "Accessible": "N", "lat": "40.754", "lon": "-73.8894"}
{"Prop_ID": "Q099", "Name": "Triassic Playground", "Location": "Jewel Ave. & Van Wyck Expressway", "Num_of_Courts": "2", "Accessible": "N", "lat": "40.7297", "lon": "-73.835"}
{"Prop_ID": "Q294", "Name": "Utopia", "Location": "Utopia Pkwy. & Jewel Ave.", "Num_of_Courts": "2", "Accessible": "N", "lat": "40.7305", "lon": "-73.7932"}
{"Prop_ID": "Q336", "Name": "Vleigh Place Playground/PS 165", "Location": "Union Turnpike & 141 St.", "Num_of_Courts": "1", "Accessible": "N", "lat": "40.7185", "lon": "-73.8204"}
{"Prop_ID": "Q421", "Name": "Walter Ward Playground/PS 207", "Location": "89 St. & 160 Ave.", "Num_of_Courts": "3", "Accessible": "N", "lat": "40.6578", "lon": "-73.8438"}
{"Prop_ID": "Q343", "Name": "Whitestone Playground/PS 193", "Location": "152 St. between 11 and 12 Aves.", "Num_of_Courts": "1", "Accessible": "N", "lat": "40.7922", "lon": "-73.8082"}
{"Prop_ID": "Q375", "Name": "Willets Pt. Playground/PS 209", "Location": "165 St. btwn. 16 Ave & 16 Rd.", "Num_of_Courts": null, "Accessible": "N", "lat": "40.7836", "lon": "-73.7962"}
{"Prop_ID": "Q348", "Name": "Willow Lake Playground", "Location": "Grand Central Pkwy between 71 & 72 Aves.", "Num_of_Courts": "1", "Accessible": "N", "lat": "40.723", "lon": "-73.8372"}
{"Prop_ID": "Q099", "Name": "World&rsquo;s Fair Playground", "Location": "62 Dr. and Grand Central Pkwy.", "Num_of_Courts": "1", "Accessible": "N", "lat": "40.7374", "lon": "-73.8456"}
{"Prop_ID": "Q425", "Name": "Yellowstone Municipal Park", "Location": "Yellowstone Blvd. between 68 Ave. & 68 Rd.", "Num_of_Courts": "1", "Accessible": "N", "lat": "40.7264", "lon": "-73.8478"}
{"Prop_ID": "R033", "Name": "Abraham Levy Memorial Park", "Location": "Jewett & Castleton Ave.", "Num_of_Courts": null, "Accessible": "N", "lat": "40.634", "lon": "-74.1287"}
{"Prop_ID": "R062", "Name": "Arrochar Playground (PS 39)", "Location": "Sand Lane & McFarland Ave.", "Num_of_Courts": null, "Accessible": "N", "lat": "40.5978", "lon": "-74.0706"}
{"Prop_ID": "R034", "Name": "Austin J McDonald Playground", "Location": "Forest & Myrtle Aves.", "Num_of_Courts": null, "Accessible": "N", "lat": "40.6297", "lon": "-74.1151"}
{"Prop_ID": "R072", "Name": "Clawson Playground (PS 50)", "Location": "Adelaide Ave. & Clawson Rd.", "Num_of_Courts": null, "Accessible": "N", "lat": "40.5603", "lon": "-74.1239"}
{"Prop_ID": "R005", "Name": "Clove Lakes Park", "Location": "Slosson Ave, Victory Blvd. and Clove Rd.", "Num_of_Courts": null, "Accessible": "N", "lat": "40.616", "lon": "-74.1054"}
{"Prop_ID": "R086", "Name": "Davis Playground (PS 31)", "Location": "Layton & Bismark Ave.", "Num_of_Courts": null, "Accessible": "N", "lat": "40.6421", "lon": "-74.0859"}
{"Prop_ID": "R087", "Name": "Dongan Playground (PS 52)", "Location": "Mason, Buel & Dongan Hill Aves.", "Num_of_Courts": null, "Accessible": "N", "lat": "40.5826", "lon": "-74.089"}
{"Prop_ID": "R090", "Name": "Lieutenant John H. Martinson Playground", "Location": "Osborne St. & Preston Ave.", "Num_of_Courts": null, "Accessible": "N", "lat": "40.5365", "lon": "-74.1628"}
{"Prop_ID": "R008", "Name": "Faber Park", "Location": "Richmond Terrace & Faber St.", "Num_of_Courts": null, "Accessible": "N", "lat": "40.6409", "lon": "-74.1358"}
{"Prop_ID": "R046", "Name": "FDR Boardwalk & Beach", "Location": "Miller Field & Greely Ave.", "Num_of_Courts": null, "Accessible": "Y", "lat": "40.5687", "lon": "-74.0912"}
{"Prop_ID": "R067", "Name": "Cesar Sanchez Basketball Courts", "Location": "Dongan Hills Ave. & SIRR", "Num_of_Courts": null, "Accessible": "N", "lat": "40.5863", "lon": "-74.1006"}
{"Prop_ID": "R026", "Name": "Gerard P Dugan Playground", "Location": "Mill Rd., Weed Ave., and Tysens Lane", "Num_of_Courts": null, "Accessible": "N", "lat": "40.5608", "lon": "-74.1102"}
{"Prop_ID": "R068", "Name": "The Big Park", "Location": "Grandview Ave. & Continental Pl.", "Num_of_Courts": null, "Accessible": "N", "lat": "40.6312", "lon": "-74.1651"}
{"Prop_ID": "R071", "Name": "Great Kills Park (PS 8)", "Location": "Hillcrest Ave. & Highmount Rd.", "Num_of_Courts": null, "Accessible": "N", "lat": "40.5471", "lon": "-74.1518"}
{"Prop_ID": "R089", "Name": "Greencroft Playground (PS 53)", "Location": "Redgrave, Greencroft St., Ainsworth Ave., and Durant Ave.", "Num_of_Courts": null, "Accessible": "N", "lat": "40.552", "lon": "-74.1368"}
{"Prop_ID": "R036", "Name": "Harbor Playground", "Location": "Harbor Rd. & Richmond Terrace", "Num_of_Courts": null, "Accessible": "N", "lat": "40.6366", "lon": "-74.1604"}
{"Prop_ID": "R131", "Name": "Huguenot Playground (IS 7)", "Location": "Hylan Blvd. & Huguenot Ave.", "Num_of_Courts": null, "Accessible": "N", "lat": null, "lon": null}
{"Prop_ID": "R037", "Name": "Ikefugi Playground", "Location": "Winter & Bismark Aves.", "Num_of_Courts": null, "Accessible": "N", "lat": "40.6387", "lon": "-74.0837"}
{"Prop_ID": "R114", "Name": "Jennifer's Playground", "Location": "Jules Dr., Elson Ct., and Regis Dr.", "Num_of_Courts": null, "Accessible": "N", "lat": "40.62", "lon": "-74.1635"}
{"Prop_ID": "R125", "Name": "Luis Lopez Playground", "Location": "Targee St., Palma Dr., and Oder Ave.", "Num_of_Courts": null, "Accessible": "N", "lat": "40.6118", "lon": "-74.0849"}
{"Prop_ID": "R076", "Name": "Markham Playground", "Location": "Willowbrook Pkwy., Forest Ave. and Houston St.", "Num_of_Courts": null, "Accessible": "N", "lat": "40.6237", "lon": "-74.1456"}
{"Prop_ID": "R025", "Name": "Michael J Mahoney Memorial Playground.", "Location": "Beechwood Ave., Crescent St. and Cleveland St.", "Num_of_Courts": null, "Accessible": "N", "lat": "40.6431", "lon": "-74.086"}
{"Prop_ID": "R038A", "Name": "Midland Field (JHS 2)", "Location": "Midland, Mason, and Bedford Aves.", "Num_of_Courts": null, "Accessible": "N", "lat": "40.577", "lon": "-74.0995"}
{"Prop_ID": "R073", "Name": "Naples Playground (PS 48)", "Location": "Targee St. & Naples St.", "Num_of_Courts": null, "Accessible": "N", "lat": "40.6027", "lon": "-74.0907"}
{"Prop_ID": "R035", "Name": "Nicholas De Matti Playground", "Location": "Tompkins Ave. & Chestnut St.", "Num_of_Courts": null, "Accessible": "N", "lat": "40.6145", "lon": "-74.0742"}
{"Prop_ID": "R063", "Name": "Old Town Playground", "Location": "Parkinson Ave. & Kramer St.", "Num_of_Courts": null, "Accessible": "N", "lat": "40.5954", "lon": "-74.0814"}
{"Prop_ID": "R053", "Name": "Park", "Location": "Richmond Pkwy & Vernon Blvd.", "Num_of_Courts": null, "Accessible": "N", "lat": "40.533", "lon": "-74.2021"}
{"Prop_ID": "R105", "Name": "Prall Playground (IS 27)", "Location": "Elizabeth St. & Forest Ave.", "Num_of_Courts": null, "Accessible": "N", "lat": "40.6288", "lon": "-74.1183"}
{"Prop_ID": "R061", "Name": "PS 14 & Stapleton Houses Plgd.", "Location": "Tompkins Ave, Broad, and Hill Sts.", "Num_of_Courts": null, "Accessible": "N", "lat": "40.6229", "lon": "-74.0796"}
{"Prop_ID": "R015", "Name": "Randolph Walker Park", "Location": "Delafield Pl, Bard and Davis Aves.", "Num_of_Courts": null, "Accessible": "N", "lat": "40.6431", "lon": "-74.1103"}
{"Prop_ID": "R042", "Name": "Reinhard E. Kaltenmeier Playground", "Location": "Virginia Ave. & Anderson St.", "Num_of_Courts": null, "Accessible": "N", "lat": "40.6146", "lon": "-74.0682"}
{"Prop_ID": "R045", "Name": "Schmul Park", "Location": "Wild Ave & Pearson St.", "Num_of_Courts": null, "Accessible": "N", "lat": "40.5899", "lon": "-74.188"}
{"Prop_ID": "R022", "Name": "Silver Lake Park", "Location": "University Pl. & Revere St.", "Num_of_Courts": null, "Accessible": "N", "lat": "40.6284", "lon": "-74.0987"}
{"Prop_ID": "R069", "Name": "Terrace/PS 35 Playground", "Location": "Foote Ave., Howard Ave., and Martha St.", "Num_of_Courts": null, "Accessible": "N", "lat": "40.6136", "lon": "-74.0986"}
{"Prop_ID": "R064", "Name": "Christopher J. Igneri Playground", "Location": "Schmidts Lane & Manor Rd.", "Num_of_Courts": null, "Accessible": "N", "lat": "40.6087", "lon": "-74.1191"}
{"Prop_ID": "Q448", "Name": "Roy Wilkins Recreation Center", "Location": "177th Street & Baisley Boulevard", "Num_of_Courts": "4", "Accessible": null, "lat": "40.6862", "lon": "-73.7698"}
{"Prop_ID": "M260", "Name": "Chelsea Recreation Center", "Location": "West 25 Street and 10 Avenue", "Num_of_Courts": null, "Accessible": null, "lat": "40.7483", "lon": "-74.0022"}
{"Prop_ID": "X261", "Name": "West Bronx Recreation Center", "Location": "West 172 Street between Nelson Avenue & Jesup Street", "Num_of_Courts": "3", "Accessible": null, "lat": "40.844", "lon": "-73.9195"}
{"Prop_ID": "B145", "Name": "Thomas Greene Playground", "Location": "Third Avenue at Douglass Street", "Num_of_Courts": null, "Accessible": null, "lat": "40.6804", "lon": "-73.9852"}
{"Prop_ID": "Q106", "Name": "Daniel M. O'Connell Playground", "Location": "197 St., 196 St. Bet. 113 Ave. And Murdock Ave.", "Num_of_Courts": "2", "Accessible": null, "lat": "40.6997", "lon": "-73.758"}
{"Prop_ID": "Q005", "Name": "157th St. Playground", "Location": "157th Street & 116th. Avenue", "Num_of_Courts": "4", "Accessible": null, "lat": "40.6846", "lon": "-73.7868"}
{"Prop_ID": "X244", "Name": "Grand Playground", "Location": "W. 181 St. between Grand Ave. and Davidson St.", "Num_of_Courts": "1", "Accessible": null, "lat": "40.8561", "lon": "-73.9072"}
{"Prop_ID": "X264", "Name": "The Field of Dreams", "Location": "E. 167 St between Southern Blvd. and Simpson St.", "Num_of_Courts": "1", "Accessible": "Y", "lat": "40.8266", "lon": "-73.8923"}
{"Prop_ID": "X271", "Name": "Grant Park", "Location": "Grant Avenue between E. 169 and E. 170 Streets", "Num_of_Courts": "1", "Accessible": null, "lat": "40.8364", "lon": "-73.9136"}
{"Prop_ID": "X295", "Name": "Half-Nelson Playground", "Location": "Nelson Av bet. Featherbed La and W 174 St", "Num_of_Courts": "1", "Accessible": null, "lat": "40.8469", "lon": "-73.9191"}
{"Prop_ID": "X113", "Name": "Hunts Point Playground", "Location": "Spofford Av bet. Faile St and Hunts Point Av", "Num_of_Courts": "3", "Accessible": null, "lat": "40.814", "lon": "-73.8861"}
{"Prop_ID": "X260", "Name": "Julio Carballo Fields", "Location": "Lafayette Avenue and Barretto Street", "Num_of_Courts": "1", "Accessible": null, "lat": "40.8162", "lon": "-73.8896"}
{"Prop_ID": "M308", "Name": "Washington Market Park", "Location": "Chambers St. between Greenwich St. and West St.", "Num_of_Courts": "2", "Accessible": null, "lat": "40.7171", "lon": "-74.012"}
{"Prop_ID": "M064", "Name": "Lillian D Wald Playground", "Location": "Cherry St, Montgomery St and Gouverneur St", "Num_of_Courts": null, "Accessible": null, "lat": "40.7121", "lon": "-73.9842"}
{"Prop_ID": "Q471", "Name": "Hunter's Point South Park", "Location": null, "Num_of_Courts": "1", "Accessible": "N", "lat": null, "lon": null}
{"Prop_ID": "Q031", "Name": "Windmuller Park", "Location": "52 St., Woodside Ave. bet. 39 Rd. and 39 Dr.", "Num_of_Courts": "2", "Accessible": "N", "lat": "40.7476", "lon": "-73.9114"}
{"Prop_ID": "B431", "Name": "Brooklyn Bridge Park", "Location": "Pier 2", "Num_of_Courts": "5", "Accessible": null, "lat": "40.6992", "lon": "-73.9983"}
{"Prop_ID": "B139", "Name": "Heckscher Playground", "Location": "Linden Street and Central Avenue", "Num_of_Courts": "2", "Accessible": null, "lat": null, "lon": null}
{"Prop_ID": "Q332", "Name": "Woodtree Playground", "Location": "20th Avenue Between 37th & 38th Sts.", "Num_of_Courts": "3", "Accessible": "Y", "lat": "40.7772", "lon": "-73.9031"}
{"Prop_ID": "B102", "Name": "Christopher \"Biggie\" Wallace Courts", "Location": "Fulton Street & Classon Avenue", "Num_of_Courts": "2", "Accessible": "Y", "lat": "40.6817", "lon": "-73.9595"}
